"Country","Mangrove_area_ha_2020","Type_assessment","Territory_status","Federal_status","Mangrove_policy","Clearing_restrictions","Coordination_mechanism","Community_management","Coastal_zone_planning","Environmental_impact_assessment","Clearing_restrictions_level","Clearing_restrictions_year","Mangrove_NDC","Mangrove_policy_year","Coordination_mechanism_year","Assessment","WB_CODE","TERRITORY1","ISO_TER1","SOVEREIGN1","ISO_SOV1","FLD_PROTECTION","ISO_code","Jurisdiction","Juris_ISO","WB_REGION","gmw_area_2020_ha","gmw_area_2020_wdpa_ha","jurisdiction_area_ha","Shoreline_length_m","Mangrove_shoreline_length_m","mean_agb_Mg_ha","mean_abovegroundcarbon_MtCO2e_ha","mean_SOC_MgC_ha","mean_soilcarbon_MtCO2e_ha","protection_num_people","protection_property_USD_billion","ramsar_num_sites","total_abovegroundcarbon_storage_MtCO2e","total_belowgroundcarbon_storage_MtCO2e","total_carbon_storage_MtC02e","GDP_year","GDP_annualgrowth","GDP_dollarvalue","GDP_pc","GNIPC_21","WGI_control_corruption","WGI_rule_of_law","WGI_governance_effectiveness","fishing_pressure_median","mangrove_attractions","total_pop","fishing_pressure_median_medgap","fishing_pressure_median_mingap","fishing_pressure_median_maxgap","fisher_days_yr","extent","people_protected","property_protected","Carbon","Fishing_med","Fishing_min","Fishing_max","Government_type","people_protected_norm","property_protected_norm","Carbon_norm","Fishing_med_norm","Fishing_min_norm","Fishing_max_norm","extent_norm","GDP_pc_norm","Protection_norm","Governance_norm"
"Angola",28357,"Full",1,"N",0,1,0,0,0,1,"3A",2005,"N",NA,NA,"Full","AGO","Angola","AGO","Angola","AGO","Angola","AGO","Angola","Angola_AGO","Sub-Saharan Africa",28065.29346,1268.356064,124703964.790429,2710954.745,426884.2003496,139.686950683594,0.000255217982036404,325.267181396484,0.00131549107240906,3128.64565610282,0.002,0,7.16276756212068,36.9196429911703,44.0824105532909,2022,3.04540301,2.48e+11,7.64977833432397,5990,-0.66,-0.95,-1.06,3874,11,35588987,3874,3874,3874,1087249.4686404,6.41614530782702,-2.19285146109201,-16.4336717242434,-6.3538747210924,8.26212802361215,8.26212802361215,8.26212802361215,"Unitary independent",-0.0115489311255468,-0.726417141966844,0.660874685074711,1.37194680540569,1.22154662018797,1.01536298640202,-1.08880518170568,-0.670565205731974,-0.52511309211597,-1.12530473974172
"Antigua & Barbuda",869,"Full",1,"N",0,1,0,0,0,0,"3B",2019,"N",NA,NA,"Full","ATG","Antigua and Barbuda","ATG","Antigua and Barbuda","ATG","AntiguaandBarbuda","ATG","Antigua and Barbuda","Antigua and Barbuda_ATG","Latin America & Caribbean",869.184267,401.0487735,43564.8254466268,347460.8876,58291.3635516,25.2034358978271,4.60484677970908e-05,245.703994750977,0.000993710494131166,312.024456285219,0.016,1,0.0400246037286875,0.863717527451606,0.903742131180293,2022,8.458733325,2375639620,9.67584514653402,21070,0.26,0.34,-0.14,NA,14,93763,379,1,8418,3294.20837193,8.84417729042928,-1.02413744412431,-10.9026307449159,-6.7179269840359,5.93840653863334,0.285178942233662,9.03816675027277,"Unitary independent",0.389224194490782,1.13751468276748,-0.578285381701027,0.0467888350785268,-1.98193707605853,1.39841786158193,-0.189207035269421,0.917909969341856,1.0863786316507,0.921613648221007
"Australia",1017081,"Full",1,"Y",0,0,0,1,0,0,NA,NA,"N",NA,NA,"Full","AUS","Australia","AUS","Australia","AUS","Australia","AUS","Australia","Australia_AUS","East Asia & Pacific",992523.2676,490678.6543,768552147.106927,82813419.96,34899993.1303609,119.428977966309,0.000218205226787955,288.230102539062,0.00116570053290283,59831.6906363283,0.792,15,216.57376469898,1156.98490195978,1373.55866665876,2022,3.617588572,1.63e+12,11.0118881127219,55330,1.74,1.67,1.51,1,19,25978935,1,1,1,9925.232676,11.5801017123251,-2.80671496222023,-14.0391034052652,-6.4674451845872,0.285178942233662,0.285178942233662,0.285178942233662,"Federal",-0.222053802699905,0.0805398328460129,0.274303861451474,-3.177099938111,-1.98193707605853,-2.92208127985592,0.824466819260828,1.96539323683906,-0.100696821977452,3.82444574577547
"Bangladesh",448386,"Full",1,"N",0,0,0,1,0,0,NA,NA,"Y",NA,NA,"Full","BGD","Bangladesh","BGD","Bangladesh","BGD","Bangladesh","BGD","Bangladesh","Bangladesh_BGD","South Asia",448232.7987,397105.5969,13807130.6955747,22346410.34,7866846.56702938,90.6844940185545,0.000165687012653259,122.817649841309,0.0004967163339592,1112669.73261847,1.559,1,74.2663533898126,222.644552530536,296.910905920349,2022,7.099828776,1.27e+12,7.86487312536344,6870,-0.96,-0.61,-0.63,2519,10,171186372,2519,2519,2519,11290984.199253,13.4945506411372,0.909253450635815,-12.5685421118566,-7.09205515227536,7.8317482721391,7.8317482721391,7.8317482721391,"Unitary independent",1.05221881993522,0.576111282280462,-1.85174178653115,1.1265124185316,1.0487092981776,0.80292634333669,1.53377984320234,-0.50192677100968,1.15866770321424,-0.829884367704712
"Belize",52869,"Full",1,"N",1,1,0,1,0,1,"1",1989,"Y",2018,NA,"Full","BLZ","Belize","BLZ","Belize","BLZ","Belize","BLZ","Belize","Belize_BLZ","Latin America & Caribbean",51937.33009,15853.89895,2212824.61819007,2100546.768,1859740.07092473,16.1848440170288,2.95708597645348e-05,254.053680419922,0.00102747946186951,14259.665003347,0.502,1,1.53583150463575,53.3645399718122,54.9003714764479,2022,12.12874526,4640735994,8.76016760492214,9370,-0.3,-0.78,-0.49,98,72,405272,98,98,98,50898.5834882,10.8057519016658,-1.29216340153045,-11.5467750130052,-6.70372658534052,4.58832916879206,4.58832916879206,4.58832916879206,"Unitary independent",0.297313257224307,0.920441440045291,-0.529950104635764,-0.723125200991853,-0.253823802092757,-0.798034352445805,0.537566292680565,0.200001243697958,0.866515355973457,-0.41602767723615
"Benin",2877,"Full",1,"N",0,1,0,1,1,1,"2",2008,"Y",NA,NA,"Full","BEN","Benin","BEN","Benin","BEN","Benin","BEN","Benin","Benin_BEN","Sub-Saharan Africa",2884.366411,11.52830733,11521460.0649017,234191.8367,100766.90808412,9.33312797546388,1.70522878216509e-05,154.428466796875,0.000624561225405273,184738.922104771,0.168,1,0.0491850462234742,1.80146342017197,1.85064846639544,2022,6.253244914,54160663044,7.29041565799259,3650,-0.15,-0.59,-0.21,NA,2,13352864,379,1,8418,10931.74869769,4.09692993586488,4.15964021986252,-9.75082309128726,-7.11737009211903,5.93840653863334,0.285178942233662,9.03816675027277,"Unitary independent",2.16683509564721,1.52566782601755,-1.93790870743827,0.0467888350785268,-1.98193707605853,1.39841786158193,-1.94808622279294,-0.952312424905764,2.62746716623094,-0.0145665438965835
"Brazil",1141471,"Full",1,"Y",1,1,1,1,1,0,"2",1760,"N",2011,2011,"Full","BRA","Brazil","BRA","Brazil","BRA","Brazil","BRA","Brazil","Brazil_BRA","Latin America & Caribbean",1137555.042,976366.0194,847308314.658315,68926381.35,23084304.2221393,92.4456405639648,0.000168904752500756,300.091522216797,0.00121367214696228,326910.608039829,0.719,7,192.138452824998,1380.61887011191,1572.7573229369,2022,2.900530615,3.84e+12,8.94300718282436,15830,-0.48,-0.28,-0.46,702,495,215313498,702,702,702,7985636.39484,11.435382669831,-1.24652990590292,-14.271640012879,-6.46830111983218,6.55440337904034,6.55440337904034,6.55440337904034,"Federal",0.312961806321796,0.00217621468316983,0.271390431476484,0.398075823660607,0.535737045530536,0.172425349277888,0.770847681080378,0.343350973710981,0.224242152433622,-0.184164525641146
"Brunei",11497,"Full",1,"N",0,1,0,0,0,1,"1",2016,"Y",NA,NA,"Full","BRN","Brunei","BRN","Brunei","BRN","BruneiDarussalam","BRN","Brunei","Brunei_BRN","East Asia & Pacific",10982.47277,6653.5747,581537.731076184,487052.3613,239975.8938549,203.028137207031,0.000370946829471268,465.183563232422,0.00188136049212341,78.2512026182113,0.006,0,4.07391345378603,20.6619903752992,24.7359038290852,2022,-1.62833154,31104606429,10.3607915061917,66770,1.25,0.89,1.45,145,6,449002,145,145,145,15924.5855165,9.12691756953619,-4.927335229712,-14.4169914337499,-6.02333078899886,4.97900701863808,4.97900701863808,4.97900701863808,"Unitary independent",-0.949252758568588,-0.0468064524393844,1.7859791897236,-0.500331776779723,-0.0969304698552556,-0.605194678513182,-0.0844503299088753,1.4549210303871,-0.708763927359446,2.94113352624278
"Cambodia",62692,"Full",1,"N",0,1,0,1,0,0,"3A",2006,"Y",NA,NA,"Full","KHM","Cambodia","KHM","Cambodia","KHM","Cambodia","KHM","Cambodia","Cambodia_KHM","East Asia & Pacific",62209.71786,40405.82713,18143057.6394631,2022065.279,1178065.81943371,94.8505554199219,0.000173298702783893,234.395492553711,0.000947975066354676,38370.1059353534,0.09,1,10.78086340569,58.9732614162391,69.7541248219292,2022,5.16246,89698963681,7.47996570614155,4560,-1.18,-0.9,-0.42,1423,18,16767842,1423,1423,1423,885244.2851478,8.84431799405982,-0.483036906207846,-13.445055358439,-6.65268153479488,7.26075447563144,7.26075447563144,7.26075447563144,"Unitary independent",0.574777332987494,0.280730911530678,-0.356203105423941,0.800889496274892,0.81940241667321,0.521082216316212,-0.189154903861704,-0.803701557729947,0.608752347824261,-1.0382714643079
"Cameroon",197001,"Full",1,"N",1,1,0,1,0,1,"1",2016,"Y",2014,NA,"Full","CMR","Cameroon","CMR","Cameroon","CMR","Cameroon","CMR","Cameroon","Cameroon_CMR","Sub-Saharan Africa",197077.9484,149058.51,46498774.345306,3446591.551,2852810.88626329,115.659629821778,0.000211318359959435,401.569458007812,0.00162408342179931,72.0751193792071,0.001,1,41.6461888400581,320.071028798661,361.717217638719,2022,3.540977863,1.23e+11,7.50283748878305,3990,-1.09,-1.1,-0.88,903,1,27914536,903,903,903,1779613.874052,9.58941889991646,-7.62846676454196,-18.8139309433664,-6.21226843704295,6.80608793516193,6.80608793516193,6.80608793516193,"Unitary independent",-1.875519503211,-1.528552025115,1.14287375570216,0.541604984839672,0.636811700001469,0.296657546612584,0.0869087553567484,-0.785769642199447,-2.42222859722091,-1.39906744055428
"Cayman Is.",4489,"Full",3,NA,0,1,0,0,1,0,"2",2013,NA,NA,NA,"Full","CYM","Cayman Islands","CYM","United Kingdom","GBR","CaymanIslands","CYM","Cayman Islands","Cayman Islands_CYM","Latin America & Caribbean",4431.533303,932.1632808,27653.7804466657,218795.9378,66142.8805632,34.3489227294922,6.27579219192947e-05,572.79736328125,0.00231658728821289,0,0,1,0.278113821012428,10.2660337170219,10.5441475380343,2021,4.028664289,5217905004,11.370384233948,55720,0.5,0.78,1.29,5,52,68706,5,5,5,221.57666515,10.4649215047198,-9.02230833129723,-20.2077725101217,-5.9722000138059,1.67335123817775,1.67335123817775,1.67335123817775,"Not fully independent",-2.35349292802867,-1.99826932871534,1.96001797824842,-2.38546135575549,-1.42445735890463,-2.23687557132222,0.411286904460478,2.24646106021785,-3.09657505692179,2.26835995811203
"China",21581,"Full",1,"N",1,1,0,1,1,0,"3A",1999,"Y",2020,2021,"Full","CHN","China","CHN","China","CHN","China","CHN","China","China_CHN","East Asia & Pacific",20655.83762,2483.330686,937727772.927265,29998195.31759,1879117.63241241,87.1303329467773,0.000159193307893206,118.366912841797,0.000478716040282593,517365.826443107,8.583,9,3.28827111803273,9.88828079416662,13.1765519121994,2022,2.990804598,3.03e+13,9.4496076348042,19310,0.05,0.04,0.84,4305,23,1412175000,4305,4305,4305,889233.809541,6.49573754049127,3.22075706445685,-7.78596571940948,-7.12194854454128,8.36760906897625,8.36760906897625,8.36760906897625,"Unitary independent",1.84487511970996,2.18781446354836,-1.95349283089189,1.43209990416828,1.26390702711042,1.06742872394537,-1.05931585640497,0.740535428242054,2.86953313142828,1.19454336825196
"Colombia",280754,"Full",1,"N",1,1,0,1,1,1,"2",1995,"Y",1995,NA,"Full","COL","Colombia","COL","Colombia","COL","Colombia","COL","Colombia","Colombia_COL","Latin America & Caribbean",278409.2844,122820.9821,113675715.802547,10936833.62,6188619.8060793,93.5833536783853,0.000170983435182122,357.656860351562,0.00144648594659424,24635.4891550438,0.028,2,47.6033758333083,402.715117285958,450.318493119266,2022,7.495775781,1.05e+12,8.74052552490997,16810,-0.34,-0.45,-0.01,293,38,51874024,293,293,293,815739.203292,10.1956910526291,-2.42354125041863,-16.0958858934024,-6.32735560804917,5.68129825510321,5.68129825510321,5.68129825510321,"Unitary independent",-0.0906566226342693,-0.612585087132673,0.751140367325344,-0.0998333368812017,0.185104491516726,-0.258541769731548,0.311535658430606,0.184601476869881,-0.500404344027898,0.077147795020126
"Congo, DRC",23684,"Full",1,"N",0,0,0,1,0,0,NA,NA,"Y",NA,NA,"Full","COD","Democratic Republic of the Congo","COD","Democratic Republic of the Congo","COD","DemocraticRepublicoftheCongo","COD","Democratic Republic of the Congo","Democratic Republic of the Congo_COD","Sub-Saharan Africa",23638.69971,23349.13848,232897222.903793,511665.8961,232161.0679441,68.7601470947266,0.000125629673352899,384.707244873047,0.00155588689872986,949.354542848336,0.004,1,2.96972212305457,36.7791431817983,39.7488653048529,2022,8.924447851,1.32e+11,6.58503998026972,1140,-1.55,-1.7,-1.72,1661,11,99010212,1661,1661,1661,392638.8021831,3.97892077285741,-3.21185756463687,-15.5822544842777,-6.29213752171734,7.41537376537662,7.41537376537662,7.41537376537662,"Unitary independent",-0.360984511781436,-0.439493993931782,0.871015590343648,0.889064858725446,0.881496378759564,0.597402728036818,-1.99180921535016,-1.50534046248634,-0.569594942957242,-2.63009032147299
"Costa Rica",37111,"Full",1,"N",1,1,0,0,1,1,"2",1977,"Y",2001,1999,"Full","CRI","Costa Rica","CRI","Costa Rica","CRI","CostaRica","CRI","Costa Rica","Costa Rica_CRI","Latin America & Caribbean",36821.18267,19749.51545,5114236.09194865,2414731.534,857194.35882453,116.406188964844,0.000212682376548184,319.40185546875,0.00129176970014648,1365.22802273011,0.003,6,7.83121663757041,47.5644880966648,55.3957047342352,2022,4.305015798,1.29e+11,9.44297315775595,21150,0.5,0.45,0.26,444,171,5180829,444,444,444,163486.0510548,9.76347642025728,-3.2915020962445,-16.3026279865798,-6.3926975655653,6.09656752960699,6.09656752960699,6.09656752960699,"Unitary independent",-0.388296058838477,-0.682256089106024,0.528729596453408,0.136983937692338,0.351873557841903,-0.0535637001504098,0.151397948165517,0.735333871201965,-0.761770722497904,1.40474681365249
"Cote d'Ivoire",5448,"Full",1,"N",0,1,0,1,1,1,"3A",2019,"Y",NA,NA,"Full","CIV","Ivory Coast","CIV","Ivory Coast","CIV","CotedIvoire","CIV","Ivory Coast","Ivory Coast_CIV","Sub-Saharan Africa",5349.629664,1384.627014,32076063.3115222,1778789.267,213401.775111,130.364166259766,0.000238184592618381,188.087478637695,0.000760689713353575,213082.527101124,0.132,5,1.27419936217905,4.06940825565594,5.34360761783499,2022,6.741330002,1.84e+11,7.89959123538211,5680,-0.37,-0.63,-0.5,971,11,28160542,971,971,971,51944.90403744,5.69773625384539,3.68465523497608,-10.6096681126602,-6.75232770736371,6.87866626637216,6.87866626637216,6.87866626637216,"Unitary independent",2.00395417332571,1.23624155457338,-0.69537846682943,0.582994520848185,0.665958620504637,0.332482412881997,-1.35497937462231,-0.474707107986828,2.30561981068882,-0.369001412014844
"Cuba",359694,"Full",1,"N",0,1,0,0,1,0,"1",1981,"Y",NA,NA,"Full","CUB","Cuba","CUB","Cuba","CUB","Cuba","CUB","Cuba","Cuba_CUB","Latin America & Caribbean",351014.7126,181690.2323,11070553.2643291,18411348.66,12198550.0802485,30.2329483032227,5.52377442502626e-05,444.859802246094,0.00179916429261597,77967.4105313389,0.585,6,19.3892609226782,631.533137092776,650.922398015455,2021,1.254092864,1.07e+11,9.17431726103951,NA,-0.01,-0.4,-0.22,33,26,11212191,33,33,33,115834.855158,13.2772645572048,-1.50399401844042,-13.3037226332271,-6.20283514433209,3.50645789231965,3.50645789231965,3.50645789231965,"Unitary independent",0.224672716247044,0.328359299276034,1.17498277085012,-1.34008827257894,-0.688295297430152,-1.33204902533868,1.45327424864978,0.524702504062715,0.393519922255414,0.198959478530591
"Dominican Republic",19184,"Full",1,"N",0,1,0,1,0,0,"3A",1942,"Y",NA,NA,"Full","DOM","Dominican Republic","DOM","Dominican Republic","DOM","DominicanRepublic","DOM","Dominican Republic","Dominican Republic_DOM","Latin America & Caribbean",19056.46391,15995.76719,4815788.47513658,1721912.178,379203.2803176,36.9648885726928,6.75374773488502e-05,359.786834716797,0.00145510028711853,3955.40592961776,0.029,4,1.28702549967081,27.7290661069049,29.0160916065757,2022,4.858324033,2.56e+11,9.06220920514012,19530,-0.57,-0.1,0.03,515,79,11228821,515,515,515,98140.7891365,8.82692119307572,-1.57174184261914,-13.3945213666808,-6.38189083700634,6.24480747215303,6.24480747215303,6.24480747215303,"Unitary independent",0.201440764840955,0.297760601930895,0.565513508671041,0.22152132423181,0.411405621320576,0.019607948039108,-0.195600506733231,0.436807641638251,0.355215751580041,0.182064407220759
"Ecuador",153543,"Full",1,"N",1,1,0,1,1,0,"3A",1981,"Y",1994,2017,"Full","ECU","Ecuador","ECU","Ecuador","ECU","Ecuador","ECU","Ecuador","Ecuador_ECU","Latin America & Caribbean",146597.3814,75920.40769,24795551.365723,4146578.008,2896750.31494362,88.8946151733399,0.000162416776852922,300.920043945313,0.00121702297052979,177822.389807284,0.215,5,23.8098741820666,178.412380583316,202.222254765383,2022,2.947668633,2.31e+11,8.71803878067449,11590,-0.57,-0.34,-0.21,1556,45,18001000,1556,1556,1556,2281055.254584,10.1071266124783,0.193194804996808,-13.4314213775477,-6.47032470924691,7.35008576451428,7.35008576451428,7.35008576451428,"Unitary independent",0.806669389218266,0.285325491642451,0.264502543528724,0.851832808641681,0.855277200952442,0.56517638911597,0.278722084815972,0.166971438822253,0.777028686509539,-0.127792019733525
"El Salvador",37306,"Full",1,"N",1,1,0,0,0,1,"3B",1969,"Y",1969,NA,"Full","SLV","El Salvador","SLV","El Salvador","SLV","El Salvador","SLV","El Salvador","El Salvador_SLV","Latin America & Caribbean",36942.59048,28276.14655,2053150.50363809,927357.9564,582855.0408299,50.2681544621785,9.18434891716641e-05,295.341522216797,0.00119446153196228,5043.37351116501,0.02,3,3.3929364087231,44.126503219396,47.5194396281191,2022,2.600239918,70309956558,8.45493047866113,9600,-0.53,-0.85,-0.31,2661,3,6336392,2661,2661,2661,983042.3326728,9.7224207416661,-1.99040625291467,-14.426055204203,-6.53234530851403,7.8865812768174,7.8865812768174,7.8865812768174,"Unitary independent",0.057873183839576,-0.0498608955836108,0.0533970025057871,1.15778225601261,1.07072982691748,0.829992067045051,0.136186611319071,-0.0393105078466939,0.00570128846626186,-0.503311366287596
"Equatorial Guinea",25595,"Full",1,"N",0,0,0,1,0,0,NA,NA,"Y",NA,NA,"Full","GNQ","Equatorial Guinea","GNQ","Equatorial Guinea","GNQ","EquatorialGuinea","GNQ","Equatorial Guinea","Equatorial Guinea_GNQ","Sub-Saharan Africa",25453.29453,20327.13709,2679499.84936793,766637.7148,236963.4144567,208.660934448242,0.000381238350175864,300.05810546875,0.00121353699827148,0,0,0,9.70377201315754,30.8885146400562,40.5922866532137,2022,3.145798294,29136729667,8.94287652672149,12040,-1.57,-1.2,-1.16,313,11,1674908,313,313,313,79668.8118789,8.89343890671234,-9.02230833129723,-20.2077725101217,-6.34013823366032,5.74725694824148,5.74725694824148,5.74725694824148,"Unitary independent",-2.35349292802867,-1.99826932871534,0.707630902289165,-0.0622188084234868,0.211593014376603,-0.225984375236777,-0.170955356948775,0.343248536824581,-3.09657505692179,-1.96037095371301
"Eritrea",7791,"Full",1,"N",0,0,0,1,0,0,NA,NA,"N",NA,NA,"Full","ERI","Eritrea","ERI","Eritrea","ERI","Eritrea","ERI","Eritrea","Eritrea_ERI","Sub-Saharan Africa",7341.373827,0,12117631.334036,3523164.497,473490.06080417,53.1036758422852,9.7024188164021e-05,206.790832519531,0.00083633243559204,53.949635831923,0,0,0.712290835573267,6.13982905332657,6.85211988889983,NA,NA,5224331270,6.6722607676089,NA,-1.24,-1.57,-1.68,47,11,3684032,47,47,47,3450.44569869,7.66669402328789,-4.89694082036215,-20.2077725101217,-6.81004829830775,3.85714434391816,3.85714434391816,3.85714434391816,"Unitary independent",-0.938829967141815,-1.99826932871534,-0.891847651638886,-1.14010090342754,-0.547462214665103,-1.15894921687629,-0.62547054916467,-1.43695769514435,-2.08994606843681,-2.3120485012101
"Fiji",48814,"Full",1,"N",0,0,0,1,1,1,NA,NA,"Y",NA,NA,"Full","FJI","Fiji","FJI","Fiji","FJI","Fiji","FJI","Fiji","Fiji_FJI","East Asia & Pacific",48841.49921,17704.67916,1304355.51197754,5139940.437,2208191.05478489,111.897258758545,0.000204444240754088,430.164764404297,0.00173973256327087,4154.97719900407,0.013,1,9.98536322327983,84.9711466146057,94.9565098378855,2022,16.12485102,13133219725,8.47494935322184,10760,0.47,0.31,0.62,44,13,929766,44,44,44,21490.2596524,12.1676759859921,-2.46285573903657,-15.1328702246483,-6.15942894769019,3.79166164875696,3.79166164875696,3.79166164875696,"Unitary independent",-0.10413827020302,-0.288053853425042,1.32272866066926,-1.17744398260992,-0.573759580261288,-1.19127165744488,1.042166063452,-0.0236153268778555,-0.279071391288848,1.51656041800308
"France",69708,"Full",2,"N",0,1,0,1,1,0,"3A",2019,"N",NA,NA,"Full","FRA","France","FRA","France","FRA","France","FRA","France","France_FRA","North America & Europe",70310.84505866,50427.4363522,8679687.97569656,3731038.051828,1236618.64916772,86.5614910888267,0.000158153993409115,202.102727254232,0.000817372143943379,0,0,8,11.1199409259966,57.4701261680677,68.5900670940643,2022,2.562393564,3.77e+12,10.687507354212,52880,1.31,1.29,1.27,NA,0,67935660,379,1,8418,266478.102772321,10.316432736493,-9.02230833129723,-20.2077725101217,-6.77251733129209,5.93840653863334,0.285178942233662,9.03816675027277,"Unitary independent",-2.35349292802867,-1.99826932871534,-0.76409985186624,0.0467888350785268,-1.98193707605853,1.39841786158193,0.356271063804101,1.71107251105681,-3.09657505692179,3.13497086545718
"Gabon",174701,"Full",1,"N",0,1,0,1,0,1,"1",2015,"Y",NA,NA,"Full","GAB","Gabon","GAB","Gabon","GAB","Gabon","GAB","Gabon","Gabon_GAB","Sub-Saharan Africa",174399.2428,91454.01982,26165413.6591877,4046989.39,1971582.1099715,257.214019775391,0.000469948286202062,409.096252441406,0.00165452433759888,392.628240885378,0.008,4,81.9586252687973,288.547791671416,370.506416940213,2022,3.036941861,39348092301,9.08047994738167,12860,-0.85,-0.7,-0.78,178,1,2388992,178,178,178,310430.652184,10.2026938155615,-6.04401938904136,-16.8615634800754,-6.07756478596271,5.18363576646442,5.18363576646442,5.18363576646442,"Unitary independent",-1.33218390713291,-0.870614421324861,1.60137766367932,-0.383637320110524,-0.014753079632809,-0.504189359108392,0.314130217562868,0.451132253396348,-1.56744094849403,-0.910325467121322
"Gambia",60972,"Full",1,"N",0,1,0,1,1,0,"1",1998,"N",NA,NA,"Full","GMB","Gambia","GMB","Gambia","GMB","Gambia","GMB","Gambia","Gambia_GMB","Sub-Saharan Africa",61055.8383,26853.7673,1062601.02742918,1197857.866,1068096.06763222,34.3400211334229,6.27416580709209e-05,286.274871826172,0.00115779291512146,7956.95294958168,0.007,3,3.83074452985204,70.6900170105415,74.5207615403936,2022,4.92372751,6791578580,6.82348196824736,2230,-0.36,-0.39,-0.64,376,12,2705992,376,376,376,229569.952008,11.1393814259343,-2.03681705921568,-15.9668897459971,-6.57858276888304,5.9304664180464,5.9304664180464,5.9304664180464,"Unitary independent",0.0419580808857436,-0.569114061458557,-0.103985934809716,0.0422607906682331,0.285168581116538,-0.135551671072784,0.661177721104425,-1.31839737832192,-0.375107362085141,-0.290017836228535
"Ghana",17952,"Full",1,"N",0,1,0,0,0,1,"1",1999,"Y",NA,NA,"Full","GHA","Ghana","GHA","Ghana","GHA","Ghana","GHA","Ghana","Ghana_GHA","Sub-Saharan Africa",17808.88238,8696.801585,23861737.2512164,638304.883,56715.811401,59.7889709472656,0.000109238697233488,157.429794311523,0.000636699614325865,51561.5099196957,0.121,5,1.94541911037562,11.3389085429207,13.2843276532963,2022,3.239706263,2.18e+11,7.82810974270198,5850,-0.11,-0.08,-0.15,8418,1,33475870,8418,8418,8418,1499151.7187484,6.16943535958112,1.06311980281927,-11.8991709365966,-6.99634463030476,9.03816675027277,9.03816675027277,9.03816675027277,"Unitary independent",1.10498236858482,0.801685860518105,-1.52596258154201,1.81450152229606,1.53319802765609,1.39841786158193,-1.18021246700492,-0.530749966946528,1.356724226126,0.389229525016822
"Guatemala",24965,"Full",1,"N",1,1,1,1,0,0,"2",1990,"Y",1998,2019,"Full","GTM","Guatemala","GTM","Guatemala","GTM","Guatemala","GTM","Guatemala","Guatemala_GTM","Latin America & Caribbean",24898.08485,11544.25654,10823671.4152653,653220.0402,282947.6941828,75.8322000503538,0.000138550816490157,251.316864013672,0.00101641084580505,45.0728449235367,0.001,3,3.4496499850087,25.3066834813145,28.7563334663232,2022,4.118004169,1.88e+11,8.55104954207037,9610,-1.17,-1.09,-0.75,4067,6,17357886,4067,4067,4067,1012605.1108495,7.31598445387222,-6.2497271827449,-16.9894561331783,-6.62691303372144,8.31074204350557,8.31074204350557,8.31074204350557,"Unitary independent",-1.40272482154764,-0.913713575201892,-0.26849235408099,1.39967011749272,1.24106965067855,1.03935900191325,-0.755410220818276,0.0360486783147766,-1.64830359221815,-1.36442655761177
"Guinea",221145,"Full",1,"N",0,1,0,1,0,0,"1",2020,"Y",NA,NA,"Full","GIN","Guinea","GIN","Guinea","GIN","Guinea","GIN","Guinea","Guinea_GIN","Sub-Saharan Africa",218457.6154,57126.477,24470795.8909464,4715736.369,4244168.71951971,124.286383310954,0.000227080051414925,241.926071166992,0.000978431286663512,70858.3936701541,0.073,4,49.6073665370138,213.745765717265,263.353132254279,2022,4.7,44169987851,7.19757007556017,2500,-1,-1.13,-0.92,913,11,13859341,913,913,913,1994518.028602,10.6478082206494,-1.12553657422731,-14.9066446937853,-6.58945111732844,6.81709726107231,6.81709726107231,6.81709726107231,"Unitary independent",0.354452603052532,-0.211817035054166,-0.140979588623194,0.547883317278555,0.641232963782994,0.302091780520682,0.479047358950786,-1.02510513930213,0.101494915401026,-1.38411015339944
"Guinea-Bissau",268832,"Full",1,"N",0,1,0,1,0,0,"2",2011,"Y",NA,NA,"Full","GNB","Guinea-Bissau","GNB","Guinea-Bissau","GNB","GuineaBissau","GNB","Guinea-Bissau","Guinea-Bissau_GNB","Sub-Saharan Africa",267552.0211,110851.6782,3374139.34407543,7928164.079,6875483.0454122,56.7701123555501,0.00010372302813154,291.549163818359,0.00117912394519714,12353.8599584649,0.038,3,27.7513058112056,315.476994664901,343.228300476107,2022,3.500049592,4612114376,6.84819633912492,2020,-1.3,-1.44,-1.42,111,11,2105566,111,111,111,296982.743421,13.351352935543,-3.07273510047832,-15.7555177333509,-6.53472383999217,4.71249876374062,4.71249876374062,4.71249876374062,"Unitary independent",-0.313276908385926,-0.4978828008872,0.0453009637627552,-0.652314508108894,-0.203958212011984,-0.736743894817705,1.48072436804817,-1.29902083833321,-0.577195346327223,-2.10290849398925
"Guyana",28859,"Full",1,"N",0,1,0,1,0,0,"1",2009,"Y",NA,NA,"Full","GUY","Guyana","GUY","Guyana","GUY","Guyana","GUY","Guyana","Guyana_GUY","Latin America & Caribbean",26735.31988,14294.44415,21046045.0576152,4789783.171,449810.4123417,127.575172424316,0.000233088902755354,262.327606201172,0.00106094203086365,38938.3466213862,0.16,0,6.2317063756426,28.3646245692765,34.5963309449191,2022,57.80022,32868070112,9.22475399483292,23020,-0.17,-0.4,-0.24,20,1,808726,20,20,20,5347.063976,8.71376406751438,0.376076867416731,-12.026042519159,-6.52705158467885,3.01209762764026,3.01209762764026,3.01209762764026,"Unitary independent",0.869382948490328,0.758930802062326,0.0714157647792569,-1.62200908330765,-0.88682671988457,-1.57606662777915,-0.23752579484329,0.564245869098765,1.15865606789299,0.0798973827551508
"Haiti",15401,"Full",1,"N",0,0,0,0,0,0,NA,NA,"Y",NA,NA,"Full","HTI","Haiti","HTI","Haiti","HTI","Haiti","HTI","Haiti","Haiti_HTI","Latin America & Caribbean",15004.3105,6640.1522,2701750.99708412,2247045.908,624811.60587655,25.6868867874146,4.69317669159447e-05,402.175109863281,0.00162653288382446,6603.32418704063,0.007,0,0.704178803120462,24.4050044273627,25.1091832304831,2022,-1.681983975,38289291716,7.5889209672765,3180,-1.42,-1.25,-2.19,3066,2,11584996,3066,3066,3066,460032.15993,9.43193142850598,-0.820490147307768,-14.5743551920749,-6.29649752229555,8.02823668573378,8.02823668573378,8.02823668573378,"Unitary independent",0.459058527341721,-0.0998372143335931,0.856175032661197,1.23856465415238,1.12761759043701,0.899913571110341,0.0285588495964638,-0.718278546769241,0.255610415309758,-2.53760881363518
"Honduras",60564,"Full",1,"N",0,1,0,1,0,0,"2",1952,"Y",NA,2013,"Full","HND","Honduras","HND","Honduras","HND","Honduras","HND","Honduras","Honduras_HND","Latin America & Caribbean",60099.31124,41624.57442,11195173.8289226,2521969.825,1532244.82794849,69.6622848510742,0.000127277943120169,298.928253173828,0.00120896749144104,5949.57972301179,0.021,11,7.64931671756604,72.6581135471571,80.3074302647231,2022,3.997949815,70328920699,7.97871541326658,5600,-1.07,-1.07,-0.78,379,70,10432860,379,379,379,227776.3895996,9.51342386500999,-2.31145942701954,-14.8622058444605,-6.49861131028888,5.93840653863334,5.93840653863334,5.93840653863334,"Unitary independent",-0.0522217428978405,-0.196841375712497,0.168220690608428,0.0467888350785268,0.288357274762064,-0.131632405453876,0.058752210043475,-0.412672237487908,-0.177225361861787,-1.30325928574974
"India",403785,"Full",1,"Y",0,1,1,1,1,1,"2",1991,"N",NA,1976,"Full","IND","India","IND","India","IND","India","IND","India","India_IND","South Asia",344617.5713,86728.82438,314517899.609497,29434869.02,8316956.18574429,104.497901201248,0.000190925088858385,296.749671936035,0.00120015656819778,2868567.15903242,7.836,7,65.7961404226134,413.595041712063,479.391182134677,2022,7.002951544,1.19e+13,7.78454813929817,7220,-0.29,-0.08,0.28,5146,79,1417173173,5146,5146,5146,17734020.219098,10.3813769108022,2.11914712189536,-10.691388453961,-6.46283571815344,8.54603911826326,8.54603911826326,8.54603911826326,"Federal",1.4671131920864,1.20870222780868,0.289993550310092,1.53385392395379,1.3355632139533,1.15550229284069,0.380333209298511,-0.564903098114931,1.9040248058894,0.538136313301341
"Indonesia",2953398,"Full",1,"N",1,0,1,1,1,0,NA,NA,"Y",2012,2012,"Full","IDN","Indonesia","IDN","Indonesia","IDN","Indonesia","IDN","Indonesia","Indonesia_IDN","East Asia & Pacific",2901277.999,740021.2308,188741931.020368,134389256.2,57568296.6222451,197.424133300781,0.000360707916235079,415.169952392578,0.0016790884452594,245391.507622423,0.32,5,1046.51394143797,4871.50236460621,5918.01630604418,2022,5.308595005,4.04e+12,8.40719527294166,12730,-0.43,-0.22,0.38,451,79,275501339,451,451,451,13084763.77549,14.5410224741588,-2.46862580787172,-16.0050287358316,-6.11517942002403,6.11219877925247,6.11219877925247,6.11219877925247,"Unitary independent",-0.10611693092627,-0.581966701166236,1.47334507825242,0.145898033115466,0.358150951978482,-0.0458480718239487,1.92150295724263,-0.0767358231450133,-0.489618339998196,0.414167173579017
"Iran",11177,"Full",1,"N",0,1,0,0,0,0,"2",2017,NA,NA,2017,"Full","IRN","Iran","IRN","Iran","IRN","IranIslamicRepublicof","IRN","Iran","Iran_IRN","Middle East & North Africa",10263.78782,10253.28071,162290255.963917,6512398.186,615029.19268622,24.3949661254883,4.45713360906287e-05,273.313446044922,0.00110537250237732,1364.27442834833,0.016,4,0.457470736488122,11.3453088264633,11.8027795629514,2022,2.749166141,1.6e+12,8.35188921079086,16610,-1.1,-0.95,-0.86,1357,1,88550570,1357,1357,1357,139279.6007174,6.02439688217558,-2.0170916727858,-13.3704702203753,-6.63070942780342,7.21327481376356,7.21327481376356,7.21327481376356,"Unitary independent",0.048722271832989,0.30586571219634,-0.281414509559724,0.773813079088328,0.800334935967819,0.497646123083275,-1.23394995743786,-0.120096834849172,0.252313486364702,-1.29332844292941
"Jamaica",9945,"Full",1,"N",0,0,0,1,0,0,NA,NA,"N",NA,NA,"Full","JAM","Jamaica","JAM","Jamaica","JAM","Jamaica","JAM","Jamaica","Jamaica_JAM","Latin America & Caribbean",9766.934034,7309.032156,1100341.03026329,907259.0857,305909.86393216,35.5901107788086,6.50256606574089e-05,339.101257324219,0.00137144077904663,3017.54850316141,0.023,3,0.635101338158181,13.394771620486,14.0298729586442,2022,4.2,33424077379,8.5811402876966,10300,-0.03,-0.17,0.41,2628,29,2827377,2628,2628,2628,256675.02641352,8.99399998208669,-1.17416730122363,-12.9583081370672,-6.4341646787464,7.87410394249741,7.87410394249741,7.87410394249741,"Unitary independent",0.337776249234276,0.444762174344823,0.387583953454165,1.15066675653066,1.0657190218266,0.823833220100533,-0.133696969226286,0.0596403990510698,0.556829353391877,0.732619779560021
"Japan",1031,"Full",1,"N",0,0,0,1,0,0,NA,NA,"N",NA,NA,"Full","JPN","Japan","JPN","Japan","JPN","Japan","JPN","Japan","Japan_JPN","East Asia & Pacific",1028.719267,978.0037345,37218483.0806891,5380106.536,77473.32924766,147.377212524414,0.000269268636723479,314.549163818359,0.00127214376519714,423.291486006198,0.014,1,0.277001834596266,1.30867880165222,1.58568063624849,2022,1.028624866,5.7e+12,10.5830219988234,44910,1.57,1.58,1.4,NA,19,125124989,379,1,8418,3898.84602193,5.01218230345103,-0.887715582059657,-11.2046447948084,-6.37085531207047,5.93840653863334,0.285178942233662,9.03816675027277,"Unitary independent",0.436005712696498,1.03573753065172,0.603076197351716,0.0467888350785268,-1.98193707605853,1.39841786158193,-1.60898058526363,1.6291539917892,1.04724549473783,3.58252746704441
"Kenya",54430,"Full",1,"N",1,1,1,1,1,0,"1",2016,"Y",2017,2017,"Full","KEN","Kenya","KEN","Kenya","KEN","Kenya","KEN","Kenya","Kenya_KEN","Sub-Saharan Africa",54206.9922,11126.87036,58345710.956426,1510283.811,804529.90274238,58.8466555277506,0.000107517020021454,299.799865722656,0.00121249258893677,43601.8014181677,0.148,1,5.82817426567023,65.7255763110531,71.5537505767233,2022,4.846634856,3.11e+11,7.70894038772998,5150,-0.71,-0.39,-0.33,186,24,54027487,186,186,186,100825.005492,7.24756390418044,-0.217561410566299,-12.8104950845836,-6.50945401789673,5.22751929523932,5.22751929523932,5.22751929523932,"Unitary independent",0.665813670892344,0.494574398420739,0.131314313005567,-0.358611684164886,0.00287022064527903,-0.482528327178121,-0.780760380998174,-0.624181023050785,0.82569509541015,-0.329341817623983
"Liberia",18337,"Full",1,"N",0,1,0,1,0,0,"2",1990,"Y",NA,NA,"Full","LBR","Liberia","LBR","Liberia","LBR","Liberia","LBR","Liberia","Liberia_LBR","Sub-Saharan Africa",18213.5316,5912.71853,9583144.03260078,1509178.52,509620.38254764,97.0079345703125,0.00017724038774842,174.825668334961,0.000707054443473816,3055.41456989488,0.013,3,3.2281734030521,12.8779584491308,16.1061318521829,2022,4.808113461,9147113351,6.71195934918616,1470,-0.92,-0.93,-1.38,2064,9,5302681,2064,2064,2064,375927.292224,7.96201173085682,-1.78453036086496,-14.1503827673454,-6.85556343043181,7.63256099754234,7.63256099754234,7.63256099754234,"Unitary independent",0.1284717422105,0.0430392709820459,-1.0467719301096,1.0129210926236,0.968717163319914,0.704606950261536,-0.516053842859967,-1.40583324705552,0.122041760120598,-1.48517337846352
"Madagascar",277567,"Full",1,"N",0,1,1,1,1,1,"3A",2014,"Y",NA,2010,"Full","MDG","Madagascar","MDG","Madagascar","MDG","Madagascar","MDG","Madagascar","Madagascar_MDG","Sub-Saharan Africa",275833.3291,51405.945,59034223.9631815,15568415.44,6869321.65240665,146.754058837891,0.00026813009067036,220.171813964844,0.000890449674090577,28287.8130960314,0.357,6,73.9592155414903,245.615698000414,319.574913541904,2022,3.796204884,52533215226,6.47262446291822,1600,-0.93,-0.87,-1,294,6,29611714,294,294,294,810949.987554,11.1946999282449,-2.27618959967183,-13.5562786534866,-6.62418455853163,5.68470158684341,5.68470158684341,5.68470158684341,"Unitary independent",-0.0401270826637092,0.243249243962877,-0.259205177918268,-0.0978925052409459,0.186471244348092,-0.256861875713183,0.681673506373662,-1.5934763805764,0.144535243673365,-1.21434161119104
"Malaysia",524575,"Full",1,"N",0,1,0,0,0,1,"1",1987,"Y",NA,NA,"Full","MYS","Malaysia","MYS","Malaysia","MYS","Malaysia","MYS","Malaysia","Malaysia_MYS","East Asia & Pacific",522709.1542,89028.73362,32948850.0405389,16893067.54,8709183.08684691,167.376118977864,0.000305808059504249,436.833068847656,0.00176670145366333,29168.4947284345,0.141,6,159.848672131009,923.471022568269,1083.31969469928,2022,8.694343203,1.13e+12,9.32867259013758,28280,0.17,0.56,0.99,356,105,33938221,356,356,356,1860844.588952,12.4987331448855,-2.88377559990895,-15.1195875511655,-6.10047949543185,5.87585726777623,5.87585726777623,5.87585726777623,"Unitary independent",-0.248479285906332,-0.283577662068911,1.52338064015765,0.0111186115382903,0.263237950649717,-0.16250689962231,1.16482441747653,0.645720037608502,-0.378594733985946,1.71453722524925
"Mexico",1005518,"Full",1,"Y",1,1,0,1,0,1,"3A",2003,"Y",2003,2004,"Full","MEX","Mexico","MEX","Mexico","MEX","Mexico","MEX","Mexico","Mexico_MEX","Latin America & Caribbean",992132.0573,748402.3799,195171268.729661,27278099.53,10767965.3852612,20.8983995914459,3.81828606424412e-05,197.769393920898,0.000799846670610045,227575.180261003,7.415,61,37.8824400827844,793.553522836899,831.435962919683,2022,3.06238019,2.74e+12,9.22937603856651,19060,-1,-0.8,-0.31,618,318,127504125,618,618,618,6131376.114114,11.8398291957195,-1.47184956707768,-11.8038825047167,-6.90046933550901,6.42702229552332,6.42702229552332,6.42702229552332,"Federal",0.235695628659179,0.833797562704716,-1.19962252327494,0.325433702312304,0.484581745415912,0.109549691954883,0.920697167260524,0.567869639886905,0.761017202810843,-0.783033343378343
"Micronesia",8794,"Full",1,"Y",0,0,0,0,0,1,NA,NA,"Y",NA,NA,"Full","FSM","Micronesia","FSM","Micronesia","FSM","MicronesiaFederatedStatesof","FSM","Micronesia","Micronesia_FSM","East Asia & Pacific",8710.555361,0,298476.375385513,1443359.886,399701.52795363,188.988983154297,0.000345296297697882,238.365676879883,0.000964031841632386,283.281078742433,0.002,0,3.00772251704573,8.39725272630568,11.4049752433514,2022,-0.619574793,440113591,8.22098958023485,4030,0.56,0.52,0.12,139,2,114164,139,139,139,12107.67195179,10.6483652007959,-3.42214709396501,-15.2796326338777,-6.51665203812486,4.9368452201255,4.9368452201255,4.9368452201255,"Federal",-0.433096586018289,-0.337512016230152,0.106813712035726,-0.524375554703815,-0.113862336006285,-0.626005859594431,0.479253722915906,-0.222724651617831,-0.548340473488385,1.4038135747148
"Mozambique",302735,"Full",1,"N",1,1,0,1,1,1,"2",2001,"Y",2020,NA,"Full","MOZ","Mozambique","MOZ","Mozambique","MOZ","Mozambique","MOZ","Mozambique","Mozambique_MOZ","Sub-Saharan Africa",297868.0382,162670.9916,78624464.3132832,12104116.7,6442527.14451531,73.8825378417969,0.000134988645134239,201.025421142578,0.000813015151743774,241978.239535545,1.938,1,40.2088029054118,242.171228276793,282.380031182205,2022,4.148414532,48391661733,6.45862037521458,1320,-0.81,-1.04,-0.77,173,6,32969518,173,173,173,515311.706086,10.7333018365804,-0.207654209405084,-11.9424919992649,-6.79685201820785,5.15519729195322,5.15519729195322,5.15519729195322,"Unitary independent",0.669211028943881,0.787086889421969,-0.846930190619514,-0.399855043020123,-0.0261737604612013,-0.518226669270827,0.51072317663964,-1.60445585348062,1.03625509469648,-1.10386836855017
"Myanmar",543539,"Full",1,"N",0,1,0,1,0,1,"1",2015,"Y",NA,2016,"Full","MMR","Myanmar","MMR","Myanmar","MMR","Burma","MMR","Myanmar","Myanmar_MMR","East Asia & Pacific",531985.691,14812.05708,66779616.0677985,33320832.61,13954851.3968342,94.3677660624187,0.000172416612331152,232.66960144043,0.000940994975889589,57382.7837738613,0.142,2,91.7231706508668,500.595862476151,592.319033127018,2022,3.002678341,2.64e+11,7.21242720305355,4330,-1.03,-1.46,-1.41,1653,3,54179306,1653,1653,1653,8793723.47223,12.4891625403037,-2.22575402378412,-15.1300465105921,-6.65879225168425,7.4105467149198,7.4105467149198,7.4105467149198,"Unitary independent",-0.0228318135924785,-0.287102276585721,-0.377002746353127,0.886312117302958,0.879557871031655,0.595020082497746,1.16127846000821,-1.0134568668691,-0.220539201434602,-1.93015665069568
"New Caledonia",33413,"Full",3,NA,0,0,0,0,1,0,NA,NA,NA,NA,NA,"Full","NCL","New Caledonia","NCL","France","FRA","NewCaledonia","NCL","New Caledonia","New Caledonia_NCL","East Asia & Pacific",33480.82103,17933.10248,2231154.53111018,4032859.757,1970000.96606264,92.1065444946289,0.000168285199893237,220.244873046875,0.000890745149858398,3197.38219054266,0.031,0,5.63432665962326,29.8228789457496,35.4572056053728,2021,-2.1,1.07e+10,10.526914275554,NA,1.31,1.29,1.27,11,6,276780,11,11,11,3682.8903133,11.0107098263642,-2.34737740181193,-13.8906892892513,-6.7021132952984,2.42745407503992,2.42745407503992,2.42745407503992,"Not fully independent",-0.0645386645864365,0.130554612181761,-0.524458792536368,-1.95541610671252,-1.1216152423841,-1.86464831239397,0.613504241800342,1.58516446241816,0.046974840219256,3.13497086545718
"New Zealand",29611,"Full",1,"N",0,0,0,1,0,0,NA,NA,"N",NA,NA,"Full","NZL","New Zealand","NZL","New Zealand","NZL","NewZealand","NZL","New Zealand","New Zealand_NZL","East Asia & Pacific",29675.9225,2848.564335,26958501.6485482,6614653.483,1190051.44496087,118.643348693848,0.000216769826297322,253.158172607422,0.0010238577238031,5476.06538706136,0.325,1,6.4328445655378,30.3839224626072,36.816767028145,2022,2.156979776,2.66e+11,10.7981087875971,47140,2.2,1.82,1.35,44,25,5124100,44,44,44,13057.4059,8.89328956758908,-1.6892953637414,-11.4218685178788,-6.56422900257013,3.79166164875696,3.79166164875696,3.79166164875696,"Unitary independent",0.161129541219621,0.962534274333155,-0.0551286254800859,-1.17744398260992,-0.573759580261288,-1.19127165744488,-0.171010687850279,1.79778615258189,0.799563289151202,4.13069024534265
"Nicaragua",74731,"Full",1,"N",1,1,0,1,1,1,"3A",2005,"Y",2002,2003,"Full","NIC","Nicaragua","NIC","Nicaragua","NIC","Nicaragua","NIC","Nicaragua","Nicaragua_NIC","Latin America & Caribbean",74345.8574,58668.07075,12799589.6326681,2553131.737,1364479.9373464,48.5268993377686,8.86620923633891e-05,307.315887451172,0.00124288993625427,9149.88935932489,0.025,3,6.59165927563415,92.4037179646553,98.9953772402894,2022,3.751102566,47768887517,7.69265176148483,5880,-1.24,-1.36,-0.85,307,19,6948392,307,307,307,228241.782218,9.60449375802401,-2.09400602365826,-14.9003954644688,-6.50173362717023,5.72792208884268,5.72792208884268,5.72792208884268,"Unitary independent",0.0223469530155704,-0.209711077523434,0.157592957205798,-0.0732449762336566,0.203828277981599,-0.235528115644551,0.0924940666329225,-0.636951617914959,-0.133322327894616,-1.65337049107312
"Nigeria",844243,"Full",1,"Y",0,1,0,0,1,1,"2",1992,"Y",NA,NA,"Full","NGA","Nigeria","NGA","Nigeria","NGA","Nigeria","NGA","Nigeria","Nigeria_NGA","Sub-Saharan Africa",839251.4881,46081.06676,90796822.8083633,6312140.673,5298165.41764851,100.649291992188,0.000183893406434391,401.670867919922,0.00162449355796326,304582.476219177,0.207,1,154.332815001841,1363.35863592953,1517.69145093137,2022,3.251681408,1.28e+12,7.7017337336534,5220,-1.07,-0.86,-1,1569,1,218541212,1569,1569,1569,13167855.848289,10.9741424192265,-1.01323601241625,-15.2085362413573,-6.22583590313713,7.35840405566562,7.35840405566562,7.35840405566562,"Federal",0.392962492137512,-0.313552904529866,1.09669285284136,0.856576513896357,0.858617765096965,0.569282320777908,0.599955832258492,-0.629831177836903,0.0565053267524458,-1.30092211170886
"Pakistan",82789,"Full",1,"Y",0,0,0,0,0,0,NA,NA,"Y",NA,2009,"Full","PAK","Pakistan","PAK","Pakistan","PAK","Pakistan","PAK","Pakistan","Pakistan_PAK","South Asia",77745.46002,42597.38006,87204244.8697382,10174927.97,3183351.46174273,17.9102478027344,3.27232950509433e-05,165.570755004883,0.000669624427296449,135834.99719897,0.131,3,2.54408762710577,52.0602591407914,54.6043467678972,2022,6.188155474,1.52e+12,7.40985090698311,5700,-0.79,-0.64,-0.4,3089,11,235824862,3089,3089,3089,2401557.2600178,9.11303729130663,0.558069809136432,-13.2927601298023,-7.04514468516917,8.03570951790213,8.03570951790213,8.03570951790213,"Federal",0.931791612230287,0.332053605481421,-1.69206807078004,1.24282621612219,1.13061862451306,0.903602181865385,-0.0895930432902479,-0.858672902799748,0.899311898509851,-0.592873539914551
"Palau",5688,"Full",1,"N",0,1,0,0,0,1,"2",2011,"N",NA,NA,"Full","PLW","Palau","PLW","Palau","PLW","Palau","PLW","Palau","Palau_PLW","East Asia & Pacific",5692.194368,4563.90862,56357.0543613613,718604.6526,210298.03599231,181.342300415039,0.00033132526512515,533.114807128906,0.00215609753906372,0,0.002,0,1.88596780812149,12.2729262687172,14.1588940768386,2021,-13.33333333,274178814,9.4116619464797,15560,-0.43,-0.16,-0.28,70,4,18055,70,70,70,3984.5360576,11.1924760594731,-9.02230833129723,-14.8567048362772,-5.93066833588186,4.25319845031993,4.25319845031993,4.25319845031993,"Unitary independent",-2.35349292802867,-0.194987564782655,2.10138338653774,-0.914241539828334,-0.388409817596236,-0.963455807745729,0.68084955173082,0.710785282027077,-1.8134173379673,0.0415689927088356
"Panama",153569,"Full",1,"N",1,1,0,1,1,1,"2",1994,"Y",2008,2007,"Full","PAN","Panama","PAN","Panama","PAN","Panama","PAN","Panama","Panama_PAN","Latin America & Caribbean",152823.5793,63387.27348,7493245.90590709,8559643.973,3551996.87610356,155.558822631836,0.00028421701959823,380.145477294922,0.00153743755964294,2018.40675540957,0.139,5,43.4350622329798,234.956710814892,278.391773047872,2022,10.8093662,1.73e+11,9.59995925589351,31160,-0.57,-0.25,0.16,79,49,4408581,79,79,79,120730.627647,12.0701047284995,-4.31787938423913,-13.9084815068073,-6.21914959616528,4.37361636731391,4.37361636731391,4.37361636731391,"Unitary independent",-0.740259351653665,0.124558728105134,1.1194516856714,-0.845570331378312,-0.340050873607648,-0.904017188796847,1.00601541839675,0.858413978047602,-0.438112902527462,0.163428363333291
"Papua New Guinea",452474,"Full",1,"N",0,0,0,1,0,0,NA,NA,"Y",NA,NA,"Full","PNG","Papua New Guinea","PNG","Papua New Guinea","PNG","PapuaNewGuinea","PNG","Papua New Guinea","Papua New Guinea_PNG","East Asia & Pacific",449263.3667,20996.07399,46203702.3927199,29102357.95,9623888.67329585,226.712211608887,0.00041421931588221,361.924743652344,0.00146374671774292,1759.74309729924,0.021,1,186.093564405412,657.607778409259,843.701342814672,2022,4.599999979,45100351587,8.06059688104604,3880,-0.76,-0.74,-0.89,155,11,10142619,155,155,155,696358.218385,12.5531292171645,-5.51209507960983,-16.8434014640708,-6.19125831242888,5.04555188599982,5.04555188599982,5.04555188599982,"Unitary independent",-1.14977746296679,-0.86449391710894,1.21438795866092,-0.462382968396788,-0.0702065437667901,-0.572347946790395,1.1849784377474,-0.348475598915856,-1.43329119226305,-0.945784055056978
"Peru",5494,"Full",1,"N",0,1,0,1,0,0,"3A",1992,"N",NA,2013,"Full","PER","Peru","PER","Peru","PER","Peru","PER","Peru","Peru_PER","Latin America & Caribbean",5418.525172,1840.386064,129206782.045684,3519470.883,111930.3185312,34.9586057662964,6.38718561384434e-05,283.920745849609,0.00114827202926941,1470.60832975276,0.006,2,0.346091260268518,6.2219408948998,6.56803215516832,2022,2.683871435,5.12e+11,8.81998749667708,12750,-0.63,-0.52,-0.26,NA,6,34049588,379,1,8418,20536.21040188,5.0047617086445,-1.30370294612487,-13.7120637129999,-6.58463832510223,5.93840653863334,0.285178942233662,9.03816675027277,"Unitary independent",0.293356139154232,0.190750495295084,-0.124597820005191,0.0467888350785268,-1.98193707605853,1.39841786158193,-1.6117299532214,0.246901184240728,0.344474822079944,-0.318883230661968
"Philippines",284798,"Full",1,"N",1,1,0,1,1,1,"3A",1975,"N",1990,NA,"Full","PHL","Philippines","PHL","Philippines","PHL","Philippines","PHL","Philippines","Philippines_PHL","East Asia & Pacific",282025.9457,93525.45177,29583972.2708977,39844411.46,13189902.9360445,110.294807434082,0.000201516448348716,379.662322998047,0.00153548351939392,591079.389645126,0.758,5,56.8328669196519,433.046191663835,489.879058583487,2022,7.570332488,1.17e+12,8.19068158262488,9250,-0.51,-0.64,0.07,614,94,115559009,614,614,614,1731639.306598,12.8475077879332,0.740008849390731,-12.8262034279736,-6.26260001308714,6.42053224305102,6.42053224305102,6.42053224305102,"Unitary independent",0.99418179218512,0.489280769017541,0.971555278987944,0.321732594061121,0.481975388390101,0.106346183992871,1.29404718911131,-0.246486702069225,1.05558458708966,-0.112602240210575
"Puerto Rico",8284,"Full",3,NA,0,0,0,0,0,0,NA,NA,NA,NA,2009,"Full","PRI","Puerto Rico","PRI","United States","USA","PuertoRico","PRI","Puerto Rico","Puerto Rico_PRI","Latin America & Caribbean",8199.58566,4006.911125,897029.230711061,1093134.142,379243.37810775,21.7702655792236,3.97758217380759e-05,360.341766357422,0.00145734461934998,12456.730553472,0.687,0,0.326145257538243,11.9496220425002,12.2757673000385,2022,3.360972555,1.3e+11,10.3977928643105,24800,0.4,0.6,-0.26,113,123,3221789,113,113,113,9265.5317958,9.20970737412078,0.418256898466584,-9.38723990434823,-6.39708759146255,4.73030391674486,4.73030391674486,4.73030391674486,"Not fully independent",0.883847242267092,1.64819345466628,0.513786838674605,-0.642160692099106,-0.196807794380334,-0.727955221743427,-0.0537762880174255,1.48393080363912,1.80171930419313,1.11299888994099
"Republic of Congo",2011,"Full",1,"N",0,0,0,1,1,0,NA,NA,"Y",NA,NA,"Full","COG","Republic of the Congo","COG","Republic of the Congo","COG","Congo","COG","Republic of the Congo","Republic of the Congo_COG","Sub-Saharan Africa",2054.162712,1649.933487,34230360.5215778,361345.5616,17313.191071,92.98583984375,0.000169891734959816,269.698128336066,0.00109075092835469,936.951425093839,0.003,3,0.348985267031442,2.24057988510558,2.58956515213702,2022,1.547952897,22632153764,7.79859691220248,3410,-1.37,-1.14,-1.55,NA,11,5970424,379,1,8418,7785.27667848,3.14459888270022,-0.784727606052039,-13.4356207108305,-6.55013280626975,5.93840653863334,0.285178942233662,9.03816675027277,"Unitary independent",0.47132214806583,0.283910338332681,-0.00714803223328514,0.0467888350785268,-1.98193707605853,1.39841786158193,-2.30092970111584,-0.553888591157778,0.537399320455623,-2.0309953197748
"Saudi Arabia",7710,"Full",1,"N",0,1,0,0,1,0,"2",2020,"Y",NA,NA,"Full","SAU","Saudi Arabia","SAU","Saudi Arabia","SAU","SaudiArabia","SAU","Saudi Arabia","Saudi Arabia_SAU","Middle East & North Africa",6939.231731,1001.845935,192516045.386506,7166828.615,832824.21004968,16.1736736297607,2.95504506734696e-05,174.989044189453,0.000707715190977172,23299.9431627806,1.607,0,0.20505742497869,4.91099970973952,5.11605713471821,2022,8.744153628,2.15e+12,10.0575888025703,52310,0.31,0.23,0.5,41,1,36408820,41,41,41,2845.08500971,5.56012003880004,1.2112957970396,-8.37057002850727,-7.00586584919093,3.72158862852364,3.72158862852364,3.72158862852364,"Unitary independent",1.15579459080755,1.99080587498848,-1.55837087955774,-1.21740480488029,-0.601900386423411,-1.22585989524386,-1.4059668792604,1.21720430514618,2.23902041095708,1.28171111636485
"Senegal",126974,"Full",1,"N",1,1,0,1,0,0,"2",1995,"Y",2018,NA,"Full","SEN","Senegal","SEN","Senegal","SEN","Senegal","SEN","Senegal","Senegal_SEN","Sub-Saharan Africa",126804.6006,74338.31226,19519689.5566132,7412715.065,2781124.26306969,28.224202632904,5.1567623212512e-05,321.923065185547,0.00130196632945252,42599.2421472716,0.031,2,6.53901186535388,165.095320400874,171.634332266228,2022,4.153856494,72884327398,7.48615356621693,3770,0.06,-0.36,0.06,1413,8,17316449,1413,1413,1413,1791749.006478,10.7822073929827,-1.09045167700003,-15.2173446795115,-6.48719338829099,7.25370390106455,7.25370390106455,7.25370390106455,"Unitary independent",0.366483847411342,-0.316521302027403,0.207084981331295,0.796868736840896,0.816570958123857,0.517602033088384,0.528842932971191,-0.798850156948234,0.0355517518394908,0.447243138826844
"Sierra Leone",152903,"Full",1,"N",0,0,0,1,0,0,NA,NA,"Y",NA,NA,"Full","SLE","Sierra Leone","SLE","Sierra Leone","SLE","SierraLeone","SLE","Sierra Leone","Sierra Leone_SLE","East Asia & Pacific",150822.5959,61353.21461,7232422.08626475,3723840.23,2512041.62528374,62.6094589233398,0.000114391929128729,248.934753417969,0.00100677678063843,36042.8143318577,0.075,1,17.2528877012037,151.844687547733,169.097575248936,2022,3.500741707,16618220888,6.44123358077267,1760,-0.43,-0.82,-1.11,631,1,8605718,631,631,631,951690.580129,11.2600606851453,-1.43089187271916,-14.5107650914566,-6.65276294434526,6.44782870523293,6.44782870523293,6.44782870523293,"Unitary independent",0.249740761127676,-0.0784076836677763,-0.35648020702213,0.33729905701975,0.492937445521579,0.11981979369137,0.705889997827899,-1.61808743323832,0.121915146735274,-0.916800888211958
"Solomon Is.",52651,"Full",1,"N",0,1,0,1,0,0,"2",2012,"N",NA,NA,"Full","SLB","Solomon Islands","SLB","Solomon Islands","SLB","SolomonIslands","SLB","Solomon Islands","Solomon Islands_SLB","East Asia & Pacific",52565.00399,5401.774429,2848097.06937424,10402614.63,4342853.20605033,185.688842773438,0.00033926670678536,351.525604248047,0.00142168906228455,735.784990495374,0.013,0,17.8335557958466,74.7310912315265,92.5646470273731,2022,-4.062439403,1922286531,7.80432482024406,2680,-0.14,-0.35,-0.91,51,2,724273,51,51,51,26808.1520349,12.1652199072252,-4.26028288647196,-15.2058639604983,-6.25011155918147,3.93827537657221,3.93827537657221,3.93827537657221,"Unitary independent",-0.720508473252643,-0.312652359884434,1.0140634432019,-1.09383398406677,-0.514880592579332,-1.11890271337221,1.04125607382994,-0.549397801577534,-0.735164256899112,-0.285631414028193
"Somalia",3515,"Full",1,"N",0,1,0,0,0,0,"2",2016,"Y",NA,NA,"Full","SOM","Federal Republic of Somalia","SOM","Federal Republic of Somalia","SOM","Somalia","SOM","Federal Republic of Somalia","Federal Republic of Somalia_SOM","Sub-Saharan Africa",3463.708421,0,63268066.8209709,3826492.694,228435.9895402,31.1828079223633,5.697320525094e-05,154.442794799805,0.000624619172720643,661.046241010225,0.013,0,0.197338570799042,2.16349868847055,2.36083725926959,2022,4.798778989,24004794505,6.38549789425373,1250,-1.78,-2.27,-2.05,255,11,17597511,255,255,255,8832.45647355,5.35192118903663,-1.6556391290984,-12.4924549702843,-7.06924485931417,5.54255682615698,5.54255682615698,5.54255682615698,"Unitary independent",0.172670871398364,0.601752250257328,-1.77410017562499,-0.178953967977125,0.129386960780477,-0.327024925174026,-1.48310560753061,-1.66178527867337,0.551054763689402,-3.36915909845154
"South Africa",2643,"Full",1,"Y",0,1,0,1,1,0,"1",1998,"N",NA,2008,"Full","ZAF","South Africa","ZAF","South Africa","ZAF","SouthAfrica","ZAF","South Africa","South Africa_ZAF","Sub-Saharan Africa",2654.33536,1004.831194,121953932.373048,4284717.403,100132.2968967,160.878646850586,0.000293936716357687,137.141647338867,0.000554647449998473,24.7723002152761,0,1,0.780206619830499,1.47222033886478,2.25242695869528,2022,2.042299353,9.53e+11,8.88213903695398,14410,0.02,0.13,-0.02,1552,8,59893885,1552,1552,1552,41195.2847872,4.55159202435303,-4.66137480908793,-20.2077725101217,-6.89004583533489,7.34751230700683,7.34751230700683,7.34751230700683,"Federal",-0.858050131136863,-1.99826932871534,-1.16414304275374,0.850365232708272,0.854243719469232,0.56390612332841,-1.77963161635056,0.29562918187017,-2.03246571668103,0.696927274777224
"Sri Lanka",19874,"Full",1,"N",0,1,0,1,1,0,"3A",2016,"Y",NA,NA,"Full","LKA","Sri Lanka","LKA","Sri Lanka","LKA","Sri Lanka","LKA","Sri Lanka","Sri Lanka_LKA","South Asia",18119.10582,1334.980833,6580374.008322,3340906.303,827139.18987111,43.3644828796387,7.92299907645805e-05,194.284118652344,0.000785751032430421,3898.03632510576,0.004,5,1.43557658678106,14.237106104781,15.6726826915621,2022,-7.823977326,3.2e+11,8.33331362154999,14290,-0.33,0.04,-0.08,4144,32,22181000,4144,4144,4144,750855.7451808,9.12703863844472,-1.53593320288529,-15.3186268204358,-6.874065175261,8.3294964139734,8.3294964139734,8.3294964139734,"Unitary independent",0.213720193565049,-0.350652852752065,-1.10974811702473,1.41036524755223,1.24860126701634,1.04861621136921,-0.084405473265105,-0.134660452491818,-0.0974369076020576,0.36638291031496
"Sudan",939,"Full",1,"N",0,0,0,0,0,0,NA,NA,"Y",NA,NA,"Full","SDN","Sudan","SDN","Sudan","SDN","Sudan","SDN","Sudan","Sudan_SDN","Sub-Saharan Africa",636.5483968,110.7489198,185278243.249366,1345990.28,95427.40416846,10.987548828125,2.0075032246873e-05,121.874969482422,0.000492903814076539,188.386985627922,0,2,0.0127787295924553,0.313757132627026,0.326535862219481,2022,-0.95340703,1.98e+11,6.80037049365,3920,-1.29,-1.21,-1.64,NA,11,46874204,379,1,8418,2412.518423872,1.81651069022034,-1.21715445778728,-20.2077725101217,-7.29009700664705,5.93840653863334,0.285178942233662,9.03816675027277,"Unitary independent",0.323035177554422,-1.99826932871534,-2.52583609239654,0.0467888350785268,-1.98193707605853,1.39841786158193,-2.79299310259473,-1.33651721693534,-1.19204312665503,-2.08059165839911
"Suriname",80044,"Full",1,"N",0,0,0,1,0,0,NA,NA,"Y",NA,NA,"Full","SUR","Suriname","SUR","Suriname","SUR","Suriname","SUR","Suriname","Suriname_SUR","Latin America & Caribbean",80622.27695,56983.2728,14492140.6087973,7613667.764,479157.7100222,51.2897386550904,9.37099960638206e-05,226.684555053711,0.000916789413385926,14150.4262521223,0.7,1,7.55511325564075,73.9136499908281,81.4687632464689,2022,1.88771872,10889743006,8.52042396683636,14150,-0.4,-0.1,-0.65,58,1,618040,58,58,58,46760.920631,10.6539048537633,-1.73934287179021,-11.6540123858985,-6.74242523993181,4.06611654076555,4.06611654076555,4.06611654076555,"Unitary independent",0.143967347612949,0.884303007355359,-0.661672476088025,-1.02092949066607,-0.463540527471164,-1.05579995894698,0.48130619239616,0.0120376409252903,0.731684348802027,-0.129774031553444
"Tanzania",110787,"Full",1,"N",1,1,0,1,0,1,"2",1999,"Y",1991,NA,"Full","TZA","Tanzania","TZA","Tanzania","TZA","UnitedRepublicofTanzania","TZA","Tanzania","Tanzania_TZA","Sub-Saharan Africa",109861.3836,91121.06324,94081569.6551309,4230934.983,2202606.41872412,108.152982711792,0.000197603182429291,255.771118164062,0.00103442536403564,24671.1734458437,0.064,1,21.7089590254451,113.643401723889,135.352360749335,2022,4.558027339,1.97e+11,7.12783815119302,2800,-0.36,-0.52,-0.63,337,22,65497748,337,337,337,370232.862732,8.5055443671785,-1.49304664794061,-14.3529766607999,-6.57034664823502,5.82106167970755,5.82106167970755,5.82106167970755,"Unitary independent",0.228426767134422,-0.0252338094232736,-0.0759518505558582,-0.0201298882227011,0.241232448143248,-0.189554154388033,-0.314672248356195,-1.07977630320443,0.144585620139386,-0.370344622682626
"Thailand",252799,"Full",1,"N",1,0,0,1,1,1,NA,NA,"N",2009,2015,"Full","THA","Thailand","THA","Thailand","THA","Thailand","THA","Thailand","Thailand_THA","East Asia & Pacific",250560.3236,16111.88003,51390140.9155754,9787821.285,4656009.57897812,139.538871765136,0.000254947431333092,264.464019775391,0.0010695824137384,179155.345356108,0.147,8,63.8797108958084,267.994915703164,331.874626598972,2022,2.594733433,1.48e+12,8.88366518713477,18180,-0.46,0.11,0.25,2108,155,71697030,2108,2108,2108,5281811.621488,10.7731795040173,-0.335277649053668,-14.345927629641,-6.506423458244,7.65365144389869,7.65365144389869,7.65365144389869,"Unitary independent",0.625446648550313,-0.0228583228630111,0.141629723411988,1.02494842604869,0.977186930440134,0.71501725327732,0.525498054387324,0.296825712834007,0.42878261008488,0.532699897236745
"The Bahamas",154121,"Full",1,"N",0,1,0,0,0,0,"1",2021,"Y",NA,NA,"Full","BHS","Bahamas","BHS","Bahamas","BHS","Bahamas","BHS","Bahamas","Bahamas_BHS","Latin America & Caribbean",149792.2088,96814.51256,1327497.40401283,13666928.37,6633244.32853532,13.2714719772339,2.42479220865412e-05,225.673187255859,0.000912699098146361,19725.893296442,1.546,1,3.63214980815332,136.715213881111,140.347363689265,2022,14.36896003,16554560159,10.2264829546359,31050,1.18,0.1,0.46,17,47,409984,17,17,17,25464.675496,14.2486887358693,-2.0264008648601,-11.4811711618832,-6.80679740517701,2.85243910372751,2.85243910372751,2.85243910372751,"Unitary independent",0.0455299818883027,0.942549594077854,-0.880782270760872,-1.71305819003636,-0.950944401106231,-1.65487451950895,1.81319182666841,1.34962055428197,0.703085873877657,1.7495519921371
"Timor-Leste",1050,"Full",1,"N",0,1,1,1,0,1,"2",2020,"Y",NA,2019,"Full","TLS","East Timor","TLS","East Timor","TLS","TimorLeste","TLS","East Timor","East Timor_TLS","East Asia & Pacific",855.7067681,327.7077713,1401718.3050664,725364.121,51226.00973,320.600189208984,0.000585759320609295,338.010070800781,0.00136702764974243,0,0,0,0.501238215123031,1.16977481206443,1.67101302718747,2022,-17.49119431,6476213640,7.96838182494028,2900,-0.05,-1,-0.76,NA,11,1341296,379,1,8418,3243.128651099,6.09658768973699,-9.02230833129723,-20.2077725101217,-6.15536325646978,5.93840653863334,0.285178942233662,9.03816675027277,"Unitary independent",-2.35349292802867,-1.99826932871534,1.33656744898894,0.0467888350785268,-1.98193707605853,1.39841786158193,-1.20720289762262,-0.420773968599062,-3.09657505692179,-0.564816489612079
"Tonga",1043,"Full",1,"N",0,0,0,0,0,0,NA,NA,"Y",NA,NA,"Full","TON","Tonga","TON","Tonga","TON","Tonga","TON","Tonga","Tonga_TON","East Asia & Pacific",1038.844506,176.5210474,75998.2510565545,850163.9033,71758.3243302,89.9314346313477,0.000164311119656698,269.698128336066,0.00109075092835469,0,0,0,0.17069370393007,1.13312060933567,1.30381431326574,2021,-2.667506175,718636613,8.42796408435291,7160,-0.38,0.45,0.28,NA,1,106858,379,1,8418,3937.22067774,9.36071445928829,-9.02230833129723,-20.2077725101217,-6.55404317280691,5.93840653863334,0.285178942233662,9.03816675027277,"Unitary independent",-2.35349292802867,-1.99826932871534,-0.0204581268337844,0.0467888350785268,-1.98193707605853,1.39841786158193,0.00217260181961996,-0.0604526773258658,-3.09657505692179,0.831166533261367
"Trinidad & Tobago",8223,"Full",1,"N",0,1,0,0,0,0,"3B",1999,"N",NA,NA,"Full","TTO","Trinidad and Tobago","TTO","Trinidad and Tobago","TTO","TrinidadandTobago","TTO","Trinidad and Tobago","Trinidad and Tobago_TTO","Latin America & Caribbean",8189.305117,3781.089089,515772.128756082,716326.2569,110649.37944,84.3406066894531,0.000154096279843385,266.622009277344,0.00107831005700073,123.32983740015,0,3,1.2619414530321,8.83061006750867,10.0925515205408,2022,2.480951736,42529616743,9.69148050947655,25330,-0.28,-0.14,0.19,1588,22,1531044,1588,1588,1588,130046.16525796,9.3391891634658,-4.18774006615341,-20.2077725101217,-6.57007708686705,7.3704384287821,7.3704384287821,7.3704384287821,"Unitary independent",-0.69563223114551,-1.99826932871534,-0.0750343183311108,0.863439404116328,0.863450680247846,0.575222520839623,-0.00580262929848809,0.93016839326835,-1.9168943255437,0.448579634093494
"Turks & Caicos Is.",16466,"Full",3,NA,0,0,0,0,0,0,NA,NA,NA,NA,NA,"Full","TCA","Turks and Caicos Islands","TCA","United Kingdom","GBR","TurksandCaicosIslands","TCA","Turks and Caicos Islands","Turks and Caicos Islands_TCA","Latin America & Caribbean",15188.26155,11362.41356,99129.7199653125,1007563.74,483144.73068213,15.4197988510132,2.81730678986398e-05,336.143157958984,0.00135947721945984,700.639342032276,0.018,1,0.42789992391045,20.6480955804228,21.0759955043332,2022,-0.499484665,1047275650,9.95490188959772,21910,1.67,1.43,1.28,12,31,45703,12,12,12,1822.591386,11.9471492894137,-3.07367207103794,-13.6442497601815,-6.4650372215723,2.51203531717625,2.51203531717625,2.51203531717625,"Not fully independent",-0.313598212498257,0.213603442017357,0.28250007917643,-1.90718162255352,-1.08764804171278,-1.82289877588757,0.96045980550189,1.13669579916852,-0.0711530855376848,3.47422002399257
"United Arab Emirates",7445,"Full",1,"Y",0,0,0,0,0,0,NA,NA,"Y",NA,NA,"Full","ARE","United Arab Emirates","ARE","United Arab Emirates","ARE","UnitedArabEmirates","ARE","United Arab Emirates","United Arab Emirates_ARE","Middle East & North Africa",7386.247499,1314.71821,7125863.55211983,4153195.481,625703.62815118,7.49846708774569,1.37002320484157e-05,196.970123291016,0.000796614148430788,4286.07682693977,0.742,5,0.10119330470333,5.88398926151492,5.98518256621825,2022,7.411103202,8.28e+11,10.7023942191546,76810,1.18,0.83,1.4,61,11,9441129,61,61,61,4505.61097439,8.36787663746813,-0.544040042991071,-9.20576447153675,-6.92836888727328,4.11626911963789,4.11626911963789,4.11626911963789,"Federal",0.553858256595781,1.70934972450572,-1.29458693895441,-0.992328778379866,-0.443399623084882,-1.03104450644197,-0.365678839438577,1.72274409821945,1.61042652825175,2.8233001246756
"United States",232912,"Full",1,"Y",0,0,0,0,0,0,NA,NA,"N",NA,1972,"Full","USA","United States","USA","United States","USA","UnitedStates","USA","United States","United States_USA","North America & Europe",229994.44,206047.5551,794153444.359114,49032544.68,6527065.2055152,34.4559116363526,6.29533982524493e-05,330.819290161133,0.00133794568797028,130214.045283964,11.306,2,14.4789315771691,307.720069255139,322.199000832308,2022,2.061593119,2.55e+13,11.1618800738931,71130,1.05,1.42,1.34,60,783,333287557,60,60,60,137996.664,9.56112542989906,-0.568662391395749,-9.92044279291976,-6.45656367557798,4.09982949245267,4.09982949245267,4.09982949245267,"Federal",0.545414809022729,1.46850687545573,0.311342311155023,-1.00170387050452,-0.450001655656855,-1.03915915217174,0.0764258814216904,2.08298980638224,1.43304236004287,3.09214397871505
"Vanuatu",1584,"Full",1,"N",0,1,0,1,0,1,"1",2011,"Y",NA,NA,"Full","VUT","Vanuatu","VUT","Vanuatu","VUT","Vanuatu","VUT","Vanuatu","Vanuatu_VUT","East Asia & Pacific",1571.188284,73.6279637,1233646.86205807,3148174.18,108671.6957061,120.343612670898,0.000219876329367425,391.556121826172,0.00158358608574646,10.9020899964134,0.004,0,0.345467112631023,2.48811190463026,2.83357901726128,2022,1.848971065,1074804587,8.05299030528178,3530,-0.02,0.46,-0.56,549,7,326740,549,549,549,8625.82367916,8.29681595489043,-4.95338928744516,-12.8803908902251,-6.22832908489828,6.30869935382173,6.30869935382173,6.30869935382173,"Unitary independent",-0.958187165105267,0.471019878206969,1.08820656778808,0.257957203824001,0.437064127995263,0.0511451586406047,-0.392007182223782,-0.354439299962647,-0.346652684626718,0.552514506254434
"Venezuela",284675,"Full",1,"N",1,1,0,1,1,1,"1",1991,"Y",1991,2001,"Full","VEN","Venezuela","VEN","Venezuela","VEN","Venezuela","VEN","Venezuela","Venezuela_VEN","Latin America & Caribbean",285849.4783,188267.0623,91046850.641235,15720622.32,4442517.99636148,106.413910388947,0.000194425773754537,285.195587158203,0.00115342792096741,27002.9822371198,0.067,4,55.5765059958083,329.706769465187,385.283275460995,2014,-3.894386475,5.06e+11,9.6879512426491,NA,-1.61,-2.3,-1.85,51,23,28301696,51,51,51,145783.233933,10.8068507275503,-2.35824129829391,-15.2591647566542,-6.49093046137868,3.93827537657221,3.93827537657221,3.93827537657221,"Unitary independent",-0.0682640907268282,-0.330614448867302,0.194364742485772,-1.09383398406677,-0.514880592579332,-1.11890271337221,0.537973413235809,0.927401380498672,-0.283829231372746,-3.15090086597841
"Vietnam",187147,"Full",1,"N",0,1,0,1,1,0,"2",2009,"Y",NA,2009,"Full","VNM","Vietnam","VNM","Vietnam","VNM","Vietnam","VNM","Vietnam","Vietnam_VNM","East Asia & Pacific",184025.3314,24777.02502,32689637.7839694,18074263.53,4528193.65039802,80.2667694091797,0.000146653089733443,215.774795532227,0.000872666636562807,7023871.45116973,6.445,3,26.9878834390308,160.592766995194,187.580650434225,2022,8.019798458,1.32e+12,8.26954688448768,11130,-0.29,-0.15,0.28,5006,56,98186856,5006,5006,5006,9212308.089884,11.5302745773468,3.6419995769894,-10.2594762512147,-6.73497682510423,8.51845839071396,8.51845839071396,8.51845839071396,"Unitary independent",1.98932677848972,1.35425437670773,-0.636319582686153,1.51812535184408,1.32448699795475,1.14188836896575,0.80600561339952,-0.18465479532815,2.37918557934385,0.491517577846082
"Yemen",1551,"Full",1,"N",0,0,0,0,0,0,NA,NA,NA,NA,NA,"Full","YEM","Yemen","YEM","Yemen","YEM","Yemen","YEM","Yemen","Yemen_YEM","Middle East & North Africa",1541.468637,13.66038588,45301283.8878046,3551020.49,156472.7130753,34.0118598937988,6.21420841740784e-05,191.998580932617,0.00077650754080902,3986.85375454894,0.006,0,0.0957900737921559,1.1969620205511,1.29275209434326,2018,0.752447588,2.161e+10,6.743092877418,NA,-1.65,-1.8,-2.3,1021,1,33696614,1021,1021,1021,15738.39478377,4.80694094591226,0.950313425942054,-12.4560566145628,-6.89985393272648,6.92886097847947,6.92886097847947,6.92886097847947,"Unitary independent",1.06629902638633,0.614018305390692,-1.19752781701785,0.611619260623266,0.686116445286161,0.357258662469046,-1.68502354768625,-1.38142396478966,1.19566015566006,-3.12583891958733
