"Juris_ISO","Jurisdiction","ISO_code","gmw_area_2020_ha","gmw_area_2020_wdpa_ha","jurisdiction_area_ha","Shoreline_length_m","Mangrove_shoreline_length_m","mean_agb_Mg_ha","mean_abovegroundcarbon_MtCO2e_ha","mean_SOC_MgC_ha","mean_soilcarbon_MtCO2e_ha","protection_num_people","protection_property_USD_billion","ramsar_num_sites","total_abovegroundcarbon_storage_MtCO2e","total_belowgroundcarbon_storage_MtCO2e","total_carbon_storage_MtC02e","Country","WB_CODE","WB_REGION","TERRITORY1","ISO_TER1","SOVEREIGN1","ISO_SOV1","GDP_year","GDP_annualgrowth","GDP_dollarvalue","GDP_pc","GNIPC_21","WGI_control_corruption","WGI_rule_of_law","WGI_governance_effectiveness","fishing_pressure_median","mangrove_attractions","total_pop","fishing_pressure_median_medgap","fishing_pressure_median_mingap","fishing_pressure_median_maxgap","fisher_days_yr"
"American Samoa_ASM","American Samoa","ASM",31.8919218,0,20874.0602199805,201441.5726,8265.4751183,86.5614910888267,0.000158153993409115,269.698128336066,0.00109075092835469,0,0,0,0.00504383479016121,0.0347861433103651,0.0398299781005263,"American Samoa","ASM","East Asia & Pacific","American Samoa","ASM","United States","USA",2021,-1.866251944,NA,15743,NA,1.33,1.21,0.7,NA,11,44273,379,1,8418,120.870383622
"Andaman and Nicobar_IND","Andaman and Nicobar","IND",56134.87134,0,754266.845078319,4216734.956,2122954.15552921,86.5614910888267,0.000158153993409115,269.698128336066,0.00109075092835469,1889.0749263544,0.013,0,8.87795407192788,61.2291630271759,70.1071170991038,NA,NA,NA,NA,NA,NA,NA,NA,NA,NA,NA,NA,NA,NA,NA,NA,NA,NA,NA,NA,NA,NA
"Angola_AGO","Angola","AGO",28065.29346,1268.356064,124703964.790429,2710954.745,426884.2003496,139.686950683594,0.000255217982036404,325.267181396484,0.00131549107240906,3128.64565610282,0.002,0,7.16276756212068,36.9196429911703,44.0824105532909,"Angola","AGO","Sub-Saharan Africa","Angola","AGO","Angola","AGO",2022,3.04540301,2.48e+11,1953,5990,-0.66,-0.95,-1.06,3874,11,35588987,3874,3874,3874,1087249.4686404
"Anguilla_AIA","Anguilla","AIA",3.52719373,0,8328.28673092856,105255.0864,832.3782889,86.5614910888267,0.000158153993409115,24.4983882904053,9.90798116984178e-05,1889.0749263544,0.013,0,0.000557839773927092,0.00034947369059224,0.000907313464519332,NA,NA,NA,NA,NA,NA,NA,NA,NA,NA,NA,NA,NA,NA,NA,NA,NA,NA,NA,NA,NA,NA
"Antigua and Barbuda_ATG","Antigua and Barbuda","ATG",869.184267,401.0487735,43564.8254466268,347460.8876,58291.3635516,25.2034358978271,4.60484677970908e-05,245.703994750977,0.000993710494131166,312.024456285219,0.016,1,0.0400246037286875,0.863717527451606,0.903742131180293,"Antigua & Barbuda","ATG","Latin America & Caribbean","Antigua and Barbuda","ATG","Antigua and Barbuda","ATG",2022,8.458733325,2375639620,15781,21070,0.26,0.34,-0.14,NA,14,93763,379,1,8418,3294.20837193
"Aruba_ABW","Aruba","ABW",43.29422015,0.060417565,18191.7899210279,86103.15946,13448.4963775,20.1830253601074,3.6875821102745e-05,401.778839111328,0.00162493023017151,0,0,1,0.00159650991703426,0.0703500871134354,0.0719465970304697,"Aruba","ABW","Latin America & Caribbean","Aruba","ABW","Netherlands","NLD",2021,17.1725086,4569092261,29342,41610,0.83,1.28,1.13,NA,19,106445,379,1,8418,164.0850943685
"Australia_AUS","Australia","AUS",992523.2676,490678.6543,768552147.106927,82813419.96,34899993.1303609,119.428977966309,0.000218205226787955,288.230102539062,0.00116570053290283,59831.6906363283,0.792,15,216.57376469898,1156.98490195978,1373.55866665876,"Australia","AUS","East Asia & Pacific","Australia","AUS","Australia","AUS",2022,3.617588572,1.63e+12,60443,55330,1.74,1.67,1.51,1,19,25978935,1,1,1,9925.232676
"Bahamas_BHS","Bahamas","BHS",149792.2088,96814.51256,1327497.40401283,13666928.37,6633244.32853532,13.2714719772339,2.42479220865412e-05,225.673187255859,0.000912699098146361,19725.893296442,1.546,1,3.63214980815332,136.715213881111,140.347363689265,"The Bahamas","BHS","Latin America & Caribbean","Bahamas","BHS","Bahamas","BHS",2022,14.36896003,16554560159,27478,31050,1.18,0.1,0.46,17,47,409984,17,17,17,25464.675496
"Bahrain_BHR","Bahrain","BHR",58.36400207,19.06144791,75641.600539409,599182.9923,7353.7287513,4.49533891677856,8.21330354263854e-06,119.972198486328,0.000485208361226196,9449.20018012027,0.343,0,0.000479361264964094,0.028318701798987,0.0287980630639511,"Bahrain","BHR","Middle East & North Africa","Bahrain","BHR","Bahrain","BHR",2022,4.860858272,90141730810,26562,51370,0.17,0.47,0.72,NA,11,1472233,379,1,8418,221.1995678453
"Bangladesh_BGD","Bangladesh","BGD",448232.7987,397105.5969,13807130.6955747,22346410.34,7866846.56702938,90.6844940185545,0.000165687012653259,122.817649841309,0.0004967163339592,1112669.73261847,1.559,1,74.2663533898126,222.644552530536,296.910905920349,"Bangladesh","BGD","South Asia","Bangladesh","BGD","Bangladesh","BGD",2022,7.099828776,1.27e+12,2457,6870,-0.96,-0.61,-0.63,2519,10,171186372,2519,2519,2519,11290984.199253
"Barbados_BRB","Barbados","BRB",10.84302734,0,43413.4048005536,103947.264,939.1640899,58.626148223877,0.000107114137512791,358.392700195312,0.00144946193310791,0,0,1,0.00116144152155172,0.0157165553689783,0.01687799689053,"Barbados","BRB","Latin America & Caribbean","Barbados","BRB","Barbados","BRB",2022,9.998995328,5023651139,17225,14880,1.24,0.37,0.54,NA,3,281635,379,1,8418,41.0950736186
"Belize_BLZ","Belize","BLZ",51937.33009,15853.89895,2212824.61819007,2100546.768,1859740.07092473,16.1848440170288,2.95708597645348e-05,254.053680419922,0.00102747946186951,14259.665003347,0.502,1,1.53583150463575,53.3645399718122,54.9003714764479,"Belize","BLZ","Latin America & Caribbean","Belize","BLZ","Belize","BLZ",2022,12.12874526,4640735994,6228,9370,-0.3,-0.78,-0.49,98,72,405272,98,98,98,50898.5834882
"Benin_BEN","Benin","BEN",2884.366411,11.52830733,11521460.0649017,234191.8367,100766.90808412,9.33312797546388,1.70522878216509e-05,154.428466796875,0.000624561225405273,184738.922104771,0.168,1,0.0491850462234742,1.80146342017197,1.85064846639544,"Benin","BEN","Sub-Saharan Africa","Benin","BEN","Benin","BEN",2022,6.253244914,54160663044,1319,3650,-0.15,-0.59,-0.21,NA,2,13352864,379,1,8418,10931.74869769
"Bermuda_BMU","Bermuda","BMU",20.9412013,8.935356382,6390.73915987404,152650.9796,15193.82100988,86.5614910888267,0.000158153993409115,19.4647350311279,7.87220064757918e-05,0,0,4,0.00331193461237915,0.00164853338434946,0.00496046799672861,"Bermuda","BMU","North America","Bermuda","BMU","United Kingdom","GBR",2022,2.927112949,6088718344,114090,90490,1.33,0.7,1.54,NA,15,63532,379,1,8418,79.367152927
"Bonaire_BES","Bonaire","BES",183.992145,181.90113,28558.0343922413,189025.1994,7529.669096,86.5614910888267,0.000158153993409115,549.3935546875,0.00222193432896484,1889.0749263544,0.013,1,0.0290990924876589,0.408818463235377,0.437917555723036,NA,NA,NA,NA,NA,NA,NA,NA,NA,NA,NA,NA,NA,NA,NA,NA,NA,NA,NA,NA,NA,NA
"Brazil_BRA","Brazil","BRA",1137555.042,976366.0194,847308314.658315,68926381.35,23084304.2221393,92.4456405639648,0.000168904752500756,300.091522216797,0.00121367214696228,326910.608039829,0.719,7,192.138452824998,1380.61887011191,1572.7573229369,"Brazil","BRA","Latin America & Caribbean","Brazil","BRA","Brazil","BRA",2022,2.900530615,3.84e+12,7507,15830,-0.48,-0.28,-0.46,702,495,215313498,702,702,702,7985636.39484
"British Virgin Islands_VGB","British Virgin Islands","VGB",98.39715739,0,16679.7768824568,336029.3916,15517.014746,14.1919202804565,2.59296465237037e-05,254.568572998047,0.00102956186251892,77.0900364130286,0.005,1,0.00255140351005994,0.101305960629016,0.103857364139076,"Virgin Islands, British","VGB","Latin America & Caribbean","British Virgin Islands","VGB","United Kingdom","GBR",NA,NA,NA,NA,NA,NA,NA,NA,NA,5,31305,379,1,8418,372.9252265081
"Brunei_BRN","Brunei","BRN",10982.47277,6653.5747,581537.731076184,487052.3613,239975.8938549,203.028137207031,0.000370946829471268,465.183563232422,0.00188136049212341,78.2512026182113,0.006,0,4.07391345378603,20.6619903752992,24.7359038290852,"Brunei","BRN","East Asia & Pacific","Brunei","BRN","Brunei","BRN",2022,-1.62833154,31104606429,31449,66770,1.25,0.89,1.45,145,6,449002,145,145,145,15924.5855165
"Cambodia_KHM","Cambodia","KHM",62209.71786,40405.82713,18143057.6394631,2022065.279,1178065.81943371,94.8505554199219,0.000173298702783893,234.395492553711,0.000947975066354676,38370.1059353534,0.09,1,10.78086340569,58.9732614162391,69.7541248219292,"Cambodia","KHM","East Asia & Pacific","Cambodia","KHM","Cambodia","KHM",2022,5.16246,89698963681,1625,4560,-1.18,-0.9,-0.42,1423,18,16767842,1423,1423,1423,885244.2851478
"Cameroon_CMR","Cameroon","CMR",197077.9484,149058.51,46498774.345306,3446591.551,2852810.88626329,115.659629821778,0.000211318359959435,401.569458007812,0.00162408342179931,72.0751193792071,0.001,1,41.6461888400581,320.071028798661,361.717217638719,"Cameroon","CMR","Sub-Saharan Africa","Cameroon","CMR","Cameroon","CMR",2022,3.540977863,1.23e+11,1666,3990,-1.09,-1.1,-0.88,903,1,27914536,903,903,903,1779613.874052
"Cayman Islands_CYM","Cayman Islands","CYM",4431.533303,932.1632808,27653.7804466657,218795.9378,66142.8805632,34.3489227294922,6.27579219192947e-05,572.79736328125,0.00231658728821289,0,0,1,0.278113821012428,10.2660337170219,10.5441475380343,"Cayman Is.","CYM","Latin America & Caribbean","Cayman Islands","CYM","United Kingdom","GBR",2021,4.028664289,5217905004,86568,55720,0.5,0.78,1.29,5,52,68706,5,5,5,221.57666515
"China_CHN","China","CHN",20655.83762,2483.330686,937727772.927265,29998195.31759,1879117.63241241,87.1303329467773,0.000159193307893206,118.366912841797,0.000478716040282593,517365.826443107,8.583,9,3.28827111803273,9.88828079416662,13.1765519121994,"China","CHN","East Asia & Pacific","China","CHN","China","CHN",2022,2.990804598,3.03e+13,12556,19310,0.05,0.04,0.84,4305,23,1412175000,4305,4305,4305,889233.809541
"Collectivity of Saint Martin_MAF","Collectivity of Saint Martin","MAF",1.030117602,0.98358938,5547.62488097731,50350.03725,633.7602476,5.94077444076538,1.08542169263894e-05,245.084701538086,0.000991205861818543,0,0,0,1.11811199118e-05,0.00102105860546486,0.00103223972537666,"Saint Martin","MAF","Latin America & Caribbean","Collectivity of Saint Martin","MAF","France","FRA",NA,NA,NA,NA,NA,NA,NA,NA,NA,9,31791,379,1,8418,3.90414571158
"Colombia_COL","Colombia","COL",278409.2844,122820.9821,113675715.802547,10936833.62,6188619.8060793,93.5833536783853,0.000170983435182122,357.656860351562,0.00144648594659424,24635.4891550438,0.028,2,47.6033758333083,402.715117285958,450.318493119266,"Colombia","COL","Latin America & Caribbean","Colombia","COL","Colombia","COL",2022,7.495775781,1.05e+12,6104,16810,-0.34,-0.45,-0.01,293,38,51874024,293,293,293,815739.203292
"Comores_COM","Comores","COM",96.99379247,88.59174293,167267.587894644,475290.0007,11780.9432597,246.721313476562,0.000450777366409034,391.701934814453,0.00158417580304748,0,0,0,0.043722606327651,0.153655219076783,0.197377825404434,"Comoros","COM","Sub-Saharan Africa","Comores","COM","Comores","COM",2022,2.387678485,3206910402,1577,3580,-1.29,-1.22,-1.79,NA,11,836774,379,1,8418,367.6064734613
"Cook Islands_COK","Cook Islands","COK",3.271536431,2.244074782,26100.3627675305,517002.1373,5163.81064007,86.5614910888267,0.000158153993409115,269.698128336066,0.00109075092835469,1889.0749263544,0.013,0,0.000517406551146054,0.00356843139925943,0.00408583795040548,NA,NA,NA,NA,NA,NA,NA,NA,NA,NA,NA,NA,NA,NA,NA,NA,NA,NA,NA,NA,NA,NA
"Costa Rica_CRI","Costa Rica","CRI",36821.18267,19749.51545,5114236.09194865,2414731.534,857194.35882453,116.406188964844,0.000212682376548184,319.40185546875,0.00129176970014648,1365.22802273011,0.003,6,7.83121663757041,47.5644880966648,55.3957047342352,"Costa Rica","CRI","Latin America & Caribbean","Costa Rica","CRI","Costa Rica","CRI",2022,4.305015798,1.29e+11,12472,21150,0.5,0.45,0.26,444,171,5180829,444,444,444,163486.0510548
"Cuba_CUB","Cuba","CUB",351014.7126,181690.2323,11070553.2643291,18411348.66,12198550.0802485,30.2329483032227,5.52377442502626e-05,444.859802246094,0.00179916429261597,77967.4105313389,0.585,6,19.3892609226782,631.533137092776,650.922398015455,"Cuba","CUB","Latin America & Caribbean","Cuba","CUB","Cuba","CUB",2021,1.254092864,1.07e+11,9499,NA,-0.01,-0.4,-0.22,33,26,11212191,33,33,33,115834.855158
"Curacao_CUW","Curacao","CUW",44.41490264,3.208311476,43765.1270619765,NA,15744.8031,84.5242385864258,0.00015443178836407,116.827407836914,0.000472489758611145,0,0,0,0.00685907284471127,0.0209855866271111,0.0278446594718224,"Curacao","CUW","Latin America & Caribbean","Curacao","CUW","Netherlands","NLD",2021,4.232404629,3494318886,17717,23890,NA,NA,NA,NA,4,149996,379,1,8418,168.3324810056
"Democratic Republic of the Congo_COD","Democratic Republic of the Congo","COD",23638.69971,23349.13848,232897222.903793,511665.8961,232161.0679441,68.7601470947266,0.000125629673352899,384.707244873047,0.00155588689872986,949.354542848336,0.004,1,2.96972212305457,36.7791431817983,39.7488653048529,"Congo, DRC","COD","Sub-Saharan Africa","Democratic Republic of the Congo","COD","Democratic Republic of the Congo","COD",2022,8.924447851,1.32e+11,577,1140,-1.55,-1.7,-1.72,1661,11,99010212,1661,1661,1661,392638.8021831
"Djibouti_DJI","Djibouti","DJI",709.1241849,77.89222041,2167166.24716152,458105.5766,27397.7297962,93.4370727539062,0.000170716169541536,168.1884765625,0.000680211383300781,15.8120971997206,0,1,0.121058964575392,0.482354342742868,0.60341330731826,"Djibouti","DJI","Middle East & North Africa","Djibouti","DJI","Djibouti","DJI",2022,3,6605370361,17717,5320,-0.78,-1.01,-0.8,NA,11,1120849,379,1,8418,2687.580660771
"Dominica_DMA","Dominica","DMA",1.465151073,1.465151073,75515.3427242034,162316.4768,612.8392548,86.5614910888267,0.000158153993409115,269.698128336066,0.00109075092835469,0,0,0,0.0002317194931426,0.00159811489305462,0.00182983438619722,"Dominica","DMA","Latin America & Caribbean","Dominica","DMA","Dominica","DMA",2022,5.938928276,987257336,7653,12050,0.58,0.72,-0.09,NA,2,72737,379,1,8418,5.55292256667
"Dominican Republic_DOM","Dominican Republic","DOM",19056.46391,15995.76719,4815788.47513658,1721912.178,379203.2803176,36.9648885726928,6.75374773488502e-05,359.786834716797,0.00145510028711853,3955.40592961776,0.029,4,1.28702549967081,27.7290661069049,29.0160916065757,"Dominican Republic","DOM","Latin America & Caribbean","Dominican Republic","DOM","Dominican Republic","DOM",2022,4.858324033,2.56e+11,8476,19530,-0.57,-0.1,0.03,515,79,11228821,515,515,515,98140.7891365
"East Timor_TLS","East Timor","TLS",855.7067681,327.7077713,1401718.3050664,725364.121,51226.00973,320.600189208984,0.000585759320609295,338.010070800781,0.00136702764974243,0,0,0,0.501238215123031,1.16977481206443,1.67101302718747,"Timor-Leste","TLS","East Asia & Pacific","East Timor","TLS","East Timor","TLS",2022,-17.49119431,6476213640,2741,2900,-0.05,-1,-0.76,NA,11,1341296,379,1,8418,3243.128651099
"Ecuador_ECU","Ecuador","ECU",146597.3814,75920.40769,24795551.365723,4146578.008,2896750.31494362,88.8946151733399,0.000162416776852922,300.920043945313,0.00121702297052979,177822.389807284,0.215,5,23.8098741820666,178.412380583316,202.222254765383,"Ecuador","ECU","Latin America & Caribbean","Ecuador","ECU","Ecuador","ECU",2022,2.947668633,2.31e+11,5965,11590,-0.57,-0.34,-0.21,1556,45,18001000,1556,1556,1556,2281055.254584
"Egypt_EGY","Egypt","EGY",203.2279667,82.39761628,98374451.3755889,4716346.973,21501.15821275,52.4036979675293,9.57452788615337e-05,43.648551940918,0.000176529584556732,5.39055935426038,0,0,0.019458118344154,0.0358757485318604,0.0553338668760144,"Egypt","EGY","Middle East & North Africa","Egypt","EGY","Egypt","EGY",2022,6.587845609,1.67e+12,3698,13050,-0.68,-0.24,-0.43,NA,21,110990103,379,1,8418,770.233993793
"El Salvador_SLV","El Salvador","SLV",36942.59048,28276.14655,2053150.50363809,927357.9564,582855.0408299,50.2681544621785,9.18434891716641e-05,295.341522216797,0.00119446153196228,5043.37351116501,0.02,3,3.3929364087231,44.126503219396,47.5194396281191,"El Salvador","SLV","Latin America & Caribbean","El Salvador","SLV","El Salvador","SLV",2022,2.600239918,70309956558,4551,9600,-0.53,-0.85,-0.31,2661,3,6336392,2661,2661,2661,983042.3326728
"Equatorial Guinea_GNQ","Equatorial Guinea","GNQ",25453.29453,20327.13709,2679499.84936793,766637.7148,236963.4144567,208.660934448242,0.000381238350175864,300.05810546875,0.00121353699827148,0,0,0,9.70377201315754,30.8885146400562,40.5922866532137,"Equatorial Guinea","GNQ","Sub-Saharan Africa","Equatorial Guinea","GNQ","Equatorial Guinea","GNQ",2022,3.145798294,29136729667,7506,12040,-1.57,-1.2,-1.16,313,11,1674908,313,313,313,79668.8118789
"Eritrea_ERI","Eritrea","ERI",7341.373827,0,12117631.334036,3523164.497,473490.06080417,53.1036758422852,9.7024188164021e-05,206.790832519531,0.00083633243559204,53.949635831923,0,0,0.712290835573267,6.13982905332657,6.85211988889983,"Eritrea","ERI","Sub-Saharan Africa","Eritrea","ERI","Eritrea","ERI",NA,NA,5224331270,643,NA,-1.24,-1.57,-1.68,47,11,3684032,47,47,47,3450.44569869
"Europa Island_ATF","Europa Island","ATF",672.3018198,672.3018198,4914.45580823574,37721.88991,14932.306678,86.5614910888267,0.000158153993409115,269.698128336066,0.00109075092835469,1889.0749263544,0.013,1,0.106327217577585,0.733313834081395,0.839641051658981,NA,NA,NA,NA,NA,NA,NA,NA,NA,NA,NA,NA,NA,NA,NA,NA,NA,NA,NA,NA,NA,NA
"Federal Republic of Somalia_SOM","Federal Republic of Somalia","SOM",3463.708421,0,63268066.8209709,3826492.694,228435.9895402,31.1828079223633,5.697320525094e-05,154.442794799805,0.000624619172720643,661.046241010225,0.013,0,0.197338570799042,2.16349868847055,2.36083725926959,"Somalia","SOM","Sub-Saharan Africa","Federal Republic of Somalia","SOM","Federal Republic of Somalia","SOM",2022,4.798778989,24004794505,446,1250,-1.78,-2.27,-2.05,255,11,17597511,255,255,255,8832.45647355
"Fiji_FJI","Fiji","FJI",48841.49921,17704.67916,1304355.51197754,5139940.437,2208191.05478489,111.897258758545,0.000204444240754088,430.164764404297,0.00173973256327087,4154.97719900407,0.013,1,9.98536322327983,84.9711466146057,94.9565098378855,"Fiji","FJI","East Asia & Pacific","Fiji","FJI","Fiji","FJI",2022,16.12485102,13133219725,4646,10760,0.47,0.31,0.62,44,13,929766,44,44,44,21490.2596524
"French Guiana_GUF","French Guiana","GUF",63570.43805,43979.46056,8325719.42605991,2021181.119,842241.2113955,86.5614910888267,0.000158153993409115,166.508560180664,0.000673417230281067,1889.0749263544,0.013,3,10.0539186403743,42.8094283193851,52.8633469597594,NA,NA,NA,NA,NA,NA,NA,NA,NA,NA,NA,NA,NA,NA,NA,NA,NA,NA,NA,NA,NA,NA
"French Polynesia_PYF","French Polynesia","PYF",125.8718062,10.5626845,818863.75702504,8961035.649,87623.870001,161.198394775391,0.000294520918530687,269.698128336066,0.00109075092835469,0,0,0,0.0370718799791406,0.137294789466331,0.174366669445472,"French Polynesia","PYF","East Asia & Pacific","French Polynesia","PYF","France","FRA",2021,2.399988092,6.555e+09,19914,NA,NA,NA,NA,NA,11,306279,379,1,8418,477.054145498
"Gabon_GAB","Gabon","GAB",174399.2428,91454.01982,26165413.6591877,4046989.39,1971582.1099715,257.214019775391,0.000469948286202062,409.096252441406,0.00165452433759888,392.628240885378,0.008,4,81.9586252687973,288.547791671416,370.506416940213,"Gabon","GAB","Sub-Saharan Africa","Gabon","GAB","Gabon","GAB",2022,3.036941861,39348092301,8635,12860,-0.85,-0.7,-0.78,178,1,2388992,178,178,178,310430.652184
"Galapagos_ECU","Galapagos","ECU",5021.397568,5021.397568,803466.963490245,1523421.876,586038.5638977,86.5614910888267,0.000158153993409115,269.698128336066,0.00109075092835469,1889.0749263544,0.013,0,0.794154077874018,5.47709405893397,6.27124813680799,NA,NA,NA,NA,NA,NA,NA,NA,NA,NA,NA,NA,NA,NA,NA,NA,NA,NA,NA,NA,NA,NA
"Gambia_GMB","Gambia","GMB",61055.8383,26853.7673,1062601.02742918,1197857.866,1068096.06763222,34.3400211334229,6.27416580709209e-05,286.274871826172,0.00115779291512146,7956.95294958168,0.007,3,3.83074452985204,70.6900170105415,74.5207615403936,"Gambia","GMB","Sub-Saharan Africa","Gambia","GMB","Gambia","GMB",2022,4.92372751,6791578580,772,2230,-0.36,-0.39,-0.64,376,12,2705992,376,376,376,229569.952008
"Ghana_GHA","Ghana","GHA",17808.88238,8696.801585,23861737.2512164,638304.883,56715.811401,59.7889709472656,0.000109238697233488,157.429794311523,0.000636699614325865,51561.5099196957,0.121,5,1.94541911037562,11.3389085429207,13.2843276532963,"Ghana","GHA","Sub-Saharan Africa","Ghana","GHA","Ghana","GHA",2022,3.239706263,2.18e+11,2363,5850,-0.11,-0.08,-0.15,8418,1,33475870,8418,8418,8418,1499151.7187484
"Gilbert Islands_KIR","Gilbert Islands","KIR",142.53615,10.99841393,36358.3100003605,1325894.11,14365.827824,86.5614910888267,0.000158153993409115,269.698128336066,0.00109075092835469,0,0,1,0.0225426613276606,0.155471437936603,0.178014099264264,"Kiribati","KIR","East Asia & Pacific","Gilbert Islands","KIR","Kiribati","KIR",2022,1.5625,310327796,1606,3860,0.28,0.89,-0.01,NA,11,131232,379,1,8418,540.2120085
"Grenada_GRD","Grenada","GRD",192.5528524,56.2574299,35877.2555041739,231553.6605,23000.110182,61.0722465515137,0.000111583332924295,327.01611328125,0.00132256434758789,0,0,1,0.0214856890348718,0.254663537610593,0.276149226645465,"Grenada","GRD","Latin America & Caribbean","Grenada","GRD","Grenada","GRD",2022,5.80000089,2130831415,9010,14060,0.52,0.51,0.03,NA,8,125438,379,1,8418,729.775310596
"Guadeloupe_GLP","Guadeloupe","GLP",3419.299933,3257.655394,164974.566758275,501156.2181,130767.9171579,86.5614910888267,0.000158153993409115,448.684661865234,0.00181463332536804,1889.0749263544,0.013,1,0.540775939067469,6.20477560785051,6.74555154691798,NA,NA,NA,NA,NA,NA,NA,NA,NA,NA,NA,NA,NA,NA,NA,NA,NA,NA,NA,NA,NA,NA
"Guam_GUM","Guam","GUM",52.24856297,40.71374943,55005.7804963452,205341.8643,10830.206629,421.566589355469,0.000770232106168443,269.698128336066,0.00109075092835469,0,0,0,0.0402435207006576,0.0569901685647258,0.0972336892653834,"Guam","GUM","East Asia & Pacific","Guam","GUM","United States","USA",2021,1.058095428,6.12e+09,35904,NA,1.33,1.21,0.7,NA,11,171774,379,1,8418,198.0220536563
"Guatemala_GTM","Guatemala","GTM",24898.08485,11544.25654,10823671.4152653,653220.0402,282947.6941828,75.8322000503538,0.000138550816490157,251.316864013672,0.00101641084580505,45.0728449235367,0.001,3,3.4496499850087,25.3066834813145,28.7563334663232,"Guatemala","GTM","Latin America & Caribbean","Guatemala","GTM","Guatemala","GTM",2022,4.118004169,1.88e+11,5025,9610,-1.17,-1.09,-0.75,4067,6,17357886,4067,4067,4067,1012605.1108495
"Guinea-Bissau_GNB","Guinea-Bissau","GNB",267552.0211,110851.6782,3374139.34407543,7928164.079,6875483.0454122,56.7701123555501,0.00010372302813154,291.549163818359,0.00117912394519714,12353.8599584649,0.038,3,27.7513058112056,315.476994664901,343.228300476107,"Guinea-Bissau","GNB","Sub-Saharan Africa","Guinea-Bissau","GNB","Guinea-Bissau","GNB",2022,3.500049592,4612114376,795,2020,-1.3,-1.44,-1.42,111,11,2105566,111,111,111,296982.743421
"Guinea_GIN","Guinea","GIN",218457.6154,57126.477,24470795.8909464,4715736.369,4244168.71951971,124.286383310954,0.000227080051414925,241.926071166992,0.000978431286663512,70858.3936701541,0.073,4,49.6073665370138,213.745765717265,263.353132254279,"Guinea","GIN","Sub-Saharan Africa","Guinea","GIN","Guinea","GIN",2022,4.7,44169987851,1189,2500,-1,-1.13,-0.92,913,11,13859341,913,913,913,1994518.028602
"Guyana_GUY","Guyana","GUY",26735.31988,14294.44415,21046045.0576152,4789783.171,449810.4123417,127.575172424316,0.000233088902755354,262.327606201172,0.00106094203086365,38938.3466213862,0.16,0,6.2317063756426,28.3646245692765,34.5963309449191,"Guyana","GUY","Latin America & Caribbean","Guyana","GUY","Guyana","GUY",2022,57.80022,32868070112,9998,23020,-0.17,-0.4,-0.24,20,1,808726,20,20,20,5347.063976
"Haiti_HTI","Haiti","HTI",15004.3105,6640.1522,2701750.99708412,2247045.908,624811.60587655,25.6868867874146,4.69317669159447e-05,402.175109863281,0.00162653288382446,6603.32418704063,0.007,0,0.704178803120462,24.4050044273627,25.1091832304831,"Haiti","HTI","Latin America & Caribbean","Haiti","HTI","Haiti","HTI",2022,-1.681983975,38289291716,1829,3180,-1.42,-1.25,-2.19,3066,2,11584996,3066,3066,3066,460032.15993
"Hawaii_USA","Hawaii","USA",693.2054312,199.4547403,1672933.3819606,1781603.126,84022.28980852,86.5614910888267,0.000158153993409115,269.698128336066,0.00109075092835469,1889.0749263544,0.013,0,0.109633207197168,0.756114467621911,0.865747674819079,NA,NA,NA,NA,NA,NA,NA,NA,NA,NA,NA,NA,NA,NA,NA,NA,NA,NA,NA,NA,NA,NA
"Honduras_HND","Honduras","HND",60099.31124,41624.57442,11195173.8289226,2521969.825,1532244.82794849,69.6622848510742,0.000127277943120169,298.928253173828,0.00120896749144104,5949.57972301179,0.021,11,7.64931671756604,72.6581135471571,80.3074302647231,"Honduras","HND","Latin America & Caribbean","Honduras","HND","Honduras","HND",2022,3.997949815,70328920699,2771,5600,-1.07,-1.07,-0.78,379,70,10432860,379,379,379,227776.3895996
"India_IND","India","IND",344617.5713,86728.82438,314517899.609497,29434869.02,8316956.18574429,104.497901201248,0.000190925088858385,296.749671936035,0.00120015656819778,2868567.15903242,7.836,7,65.7961404226134,413.595041712063,479.391182134677,"India","IND","South Asia","India","IND","India","IND",2022,7.002951544,1.19e+13,2256,7220,-0.29,-0.08,0.28,5146,79,1417173173,5146,5146,5146,17734020.219098
"Indonesia_IDN","Indonesia","IDN",2901277.999,740021.2308,188741931.020368,134389256.2,57568296.6222451,197.424133300781,0.000360707916235079,415.169952392578,0.0016790884452594,245391.507622423,0.32,5,1046.51394143797,4871.50236460621,5918.01630604418,"Indonesia","IDN","East Asia & Pacific","Indonesia","IDN","Indonesia","IDN",2022,5.308595005,4.04e+12,4332,12730,-0.43,-0.22,0.38,451,79,275501339,451,451,451,13084763.77549
"Iran_IRN","Iran","IRN",10263.78782,10253.28071,162290255.963917,6512398.186,615029.19268622,24.3949661254883,4.45713360906287e-05,273.313446044922,0.00110537250237732,1364.27442834833,0.016,4,0.457470736488122,11.3453088264633,11.8027795629514,"Iran","IRN","Middle East & North Africa","Iran","IRN","Iran","IRN",2022,2.749166141,1.6e+12,4091,16610,-1.1,-0.95,-0.86,1357,1,88550570,1357,1357,1357,139279.6007174
"Ivory Coast_CIV","Ivory Coast","CIV",5349.629664,1384.627014,32076063.3115222,1778789.267,213401.775111,130.364166259766,0.000238184592618381,188.087478637695,0.000760689713353575,213082.527101124,0.132,5,1.27419936217905,4.06940825565594,5.34360761783499,"Cote d'Ivoire","CIV","Sub-Saharan Africa","Ivory Coast","CIV","Ivory Coast","CIV",2022,6.741330002,1.84e+11,2549,5680,-0.37,-0.63,-0.5,971,11,28160542,971,971,971,51944.90403744
"Jamaica_JAM","Jamaica","JAM",9766.934034,7309.032156,1100341.03026329,907259.0857,305909.86393216,35.5901107788086,6.50256606574089e-05,339.101257324219,0.00137144077904663,3017.54850316141,0.023,3,0.635101338158181,13.394771620486,14.0298729586442,"Jamaica","JAM","Latin America & Caribbean","Jamaica","JAM","Jamaica","JAM",2022,4.2,33424077379,5183,10300,-0.03,-0.17,0.41,2628,29,2827377,2628,2628,2628,256675.02641352
"Japan_JPN","Japan","JPN",1028.719267,978.0037345,37218483.0806891,5380106.536,77473.32924766,147.377212524414,0.000269268636723479,314.549163818359,0.00127214376519714,423.291486006198,0.014,1,0.277001834596266,1.30867880165222,1.58568063624849,"Japan","JPN","East Asia & Pacific","Japan","JPN","Japan","JPN",2022,1.028624866,5.7e+12,39312,44910,1.57,1.58,1.4,NA,19,125124989,379,1,8418,3898.84602193
"Kenya_KEN","Kenya","KEN",54206.9922,11126.87036,58345710.956426,1510283.811,804529.90274238,58.8466555277506,0.000107517020021454,299.799865722656,0.00121249258893677,43601.8014181677,0.148,1,5.82817426567023,65.7255763110531,71.5537505767233,"Kenya","KEN","Sub-Saharan Africa","Kenya","KEN","Kenya","KEN",2022,4.846634856,3.11e+11,2081,5150,-0.71,-0.39,-0.33,186,24,54027487,186,186,186,100825.005492
"Liberia_LBR","Liberia","LBR",18213.5316,5912.71853,9583144.03260078,1509178.52,509620.38254764,97.0079345703125,0.00017724038774842,174.825668334961,0.000707054443473816,3055.41456989488,0.013,3,3.2281734030521,12.8779584491308,16.1061318521829,"Liberia","LBR","Sub-Saharan Africa","Liberia","LBR","Liberia","LBR",2022,4.808113461,9147113351,675,1470,-0.92,-0.93,-1.38,2064,9,5302681,2064,2064,2064,375927.292224
"Madagascar_MDG","Madagascar","MDG",275833.3291,51405.945,59034223.9631815,15568415.44,6869321.65240665,146.754058837891,0.00026813009067036,220.171813964844,0.000890449674090577,28287.8130960314,0.357,6,73.9592155414903,245.615698000414,319.574913541904,"Madagascar","MDG","Sub-Saharan Africa","Madagascar","MDG","Madagascar","MDG",2022,3.796204884,52533215226,500,1600,-0.93,-0.87,-1,294,6,29611714,294,294,294,810949.987554
"Malaysia_MYS","Malaysia","MYS",522709.1542,89028.73362,32948850.0405389,16893067.54,8709183.08684691,167.376118977864,0.000305808059504249,436.833068847656,0.00176670145366333,29168.4947284345,0.141,6,159.848672131009,923.471022568269,1083.31969469928,"Malaysia","MYS","East Asia & Pacific","Malaysia","MYS","Malaysia","MYS",2022,8.694343203,1.13e+12,11109,28280,0.17,0.56,0.99,356,105,33938221,356,356,356,1860844.588952
"Maldives_MDV","Maldives","MDV",97.34406141,20.7633067,29758.7667416294,2123335.75,35639.72206656,86.5614910888267,0.000158153993409115,247.775604248047,0.00100208878728455,0,0,0,0.0153953520466536,0.0975473924476993,0.112942744494353,"Maldives","MDV","South Asia","Maldives","MDV","Maldives","MDV",2022,12.29948647,12975106444,10366,18840,-0.37,-0.17,0.39,NA,11,523787,379,1,8418,368.9339927439
"Marshall Islands_MHL","Marshall Islands","MHL",32.54464654,26.25680244,273870.95555677,2413764.782,5927.375705,86.5614910888267,0.000158153993409115,269.698128336066,0.00109075092835469,0,0,2,0.00514706581438914,0.0354981034264802,0.0406451692408693,"Marshall Islands","MHL","East Asia & Pacific","Marshall Islands","MHL","Marshall Islands","MHL",2022,1.499997063,300454868,6172,7440,0.05,0.24,-1.49,NA,11,41569,379,1,8418,123.3442103866
"Martinique_MTQ","Martinique","MTQ",1944.110108,1896.049402,111769.09391888,392111.4892,155899.29315472,86.5614910888267,0.000158153993409115,253.764022827148,0.00102630798808075,1889.0749263544,0.013,1,0.307468777207226,1.99525573354893,2.30272451075615,NA,NA,NA,NA,NA,NA,NA,NA,NA,NA,NA,NA,NA,NA,NA,NA,NA,NA,NA,NA,NA,NA
"Mauritania_MRT","Mauritania","MRT",345.9471467,282.4479889,103887526.059611,1151655.711,974.9196519,21.5863418579101,3.94397800335893e-05,46.406494140625,0.000187683640512695,0,0,2,0.0136440793690958,0.0649286199176355,0.0785726992867313,"Mauritania","MRT","Sub-Saharan Africa","Mauritania","MRT","Mauritania","MRT",2022,5.199999994,30425510565,2166,5770,-0.82,-0.67,-0.73,NA,11,4736139,379,1,8418,1311.139685993
"Mayotte_Comores_MYT_COM","Mayotte_Comores","MYT_COM",675.3327342,621.9691764,54719.1392499606,256035.449,79087.539871,86.5614910888267,0.000158153993409115,343.659118652344,0.00138987431993042,1889.0749263544,0.013,1,0.106806568793626,0.938627624672977,1.0454341934666,NA,NA,NA,NA,NA,NA,NA,NA,NA,NA,NA,NA,NA,NA,NA,NA,NA,NA,NA,NA,NA,NA
"Mexico_MEX","Mexico","MEX",992132.0573,748402.3799,195171268.729661,27278099.53,10767965.3852612,20.8983995914459,3.81828606424412e-05,197.769393920898,0.000799846670610045,227575.180261003,7.415,61,37.8824400827844,793.553522836899,831.435962919683,"Mexico","MEX","Latin America & Caribbean","Mexico","MEX","Mexico","MEX",2022,3.06238019,2.74e+12,10045,19060,-1,-0.8,-0.31,618,318,127504125,618,618,618,6131376.114114
"Micronesia_FSM","Micronesia","FSM",8710.555361,0,298476.375385513,1443359.886,399701.52795363,188.988983154297,0.000345296297697882,238.365676879883,0.000964031841632386,283.281078742433,0.002,0,3.00772251704573,8.39725272630568,11.4049752433514,"Micronesia","FSM","East Asia & Pacific","Micronesia","FSM","Micronesia","FSM",2022,-0.619574793,440113591,3571,4030,0.56,0.52,0.12,139,2,114164,139,139,139,12107.67195179
"Mozambique_MOZ","Mozambique","MOZ",297868.0382,162670.9916,78624464.3132832,12104116.7,6442527.14451531,73.8825378417969,0.000134988645134239,201.025421142578,0.000813015151743774,241978.239535545,1.938,1,40.2088029054118,242.171228276793,282.380031182205,"Mozambique","MOZ","Sub-Saharan Africa","Mozambique","MOZ","Mozambique","MOZ",2022,4.148414532,48391661733,491,1320,-0.81,-1.04,-0.77,173,6,32969518,173,173,173,515311.706086
"Myanmar_MMR","Myanmar","MMR",531985.691,14812.05708,66779616.0677985,33320832.61,13954851.3968342,94.3677660624187,0.000172416612331152,232.66960144043,0.000940994975889589,57382.7837738613,0.142,2,91.7231706508668,500.595862476151,592.319033127018,"Myanmar","MMR","East Asia & Pacific","Myanmar","MMR","Myanmar","MMR",2022,3.002678341,2.64e+11,1209,4330,-1.03,-1.46,-1.41,1653,3,54179306,1653,1653,1653,8793723.47223
"New Caledonia_NCL","New Caledonia","NCL",33480.82103,17933.10248,2231154.53111018,4032859.757,1970000.96606264,92.1065444946289,0.000168285199893237,220.244873046875,0.000890745149858398,3197.38219054266,0.031,0,5.63432665962326,29.8228789457496,35.4572056053728,"New Caledonia","NCL","East Asia & Pacific","New Caledonia","NCL","France","FRA",2021,-2.1,1.07e+10,37159,NA,1.31,1.29,1.27,11,6,276780,11,11,11,3682.8903133
"New Zealand_NZL","New Zealand","NZL",29675.9225,2848.564335,26958501.6485482,6614653.483,1190051.44496087,118.643348693848,0.000216769826297322,253.158172607422,0.0010238577238031,5476.06538706136,0.325,1,6.4328445655378,30.3839224626072,36.816767028145,"New Zealand","NZL","East Asia & Pacific","New Zealand","NZL","New Zealand","NZL",2022,2.156979776,2.66e+11,48781,47140,2.2,1.82,1.35,44,25,5124100,44,44,44,13057.4059
"Nicaragua_NIC","Nicaragua","NIC",74345.8574,58668.07075,12799589.6326681,2553131.737,1364479.9373464,48.5268993377686,8.86620923633891e-05,307.315887451172,0.00124288993625427,9149.88935932489,0.025,3,6.59165927563415,92.4037179646553,98.9953772402894,"Nicaragua","NIC","Latin America & Caribbean","Nicaragua","NIC","Nicaragua","NIC",2022,3.751102566,47768887517,2045,5880,-1.24,-1.36,-0.85,307,19,6948392,307,307,307,228241.782218
"Nigeria_NGA","Nigeria","NGA",839251.4881,46081.06676,90796822.8083633,6312140.673,5298165.41764851,100.649291992188,0.000183893406434391,401.670867919922,0.00162449355796326,304582.476219177,0.207,1,154.332815001841,1363.35863592953,1517.69145093137,"Nigeria","NGA","Sub-Saharan Africa","Nigeria","NGA","Nigeria","NGA",2022,3.251681408,1.28e+12,2065,5220,-1.07,-0.86,-1,1569,1,218541212,1569,1569,1569,13167855.848289
"Oecusse_TLS","Oecusse","TLS",193.0258472,192.1864319,75177.4914264336,57145.61802,5930.988137,86.5614910888267,0.000158153993409115,269.698128336066,0.00109075092835469,1889.0749263544,0.013,0,0.0305278085658576,0.21054312202985,0.241070930595708,NA,NA,NA,NA,NA,NA,NA,NA,NA,NA,NA,NA,NA,NA,NA,NA,NA,NA,NA,NA,NA,NA
"Oman_OMN","Oman","OMN",136.4665807,55.96004372,30817053.5393506,3127981.412,9900.438575,33.8883972167969,6.19165090926048e-05,201.302230834961,0.000814134664255066,380.503675587502,0.053,1,0.00844953428474824,0.111102173860231,0.11955170814498,"Oman","OMN","Middle East & North Africa","Oman","OMN","Oman","OMN",2022,4.311253509,1.91e+11,19509,35270,0.09,0.41,-0.12,NA,3,4576298,379,1,8418,517.208340853
"Pakistan_PAK","Pakistan","PAK",77745.46002,42597.38006,87204244.8697382,10174927.97,3183351.46174273,17.9102478027344,3.27232950509433e-05,165.570755004883,0.000669624427296449,135834.99719897,0.131,3,2.54408762710577,52.0602591407914,54.6043467678972,"Pakistan","PAK","South Asia","Pakistan","PAK","Pakistan","PAK",2022,6.188155474,1.52e+12,1505,5700,-0.79,-0.64,-0.4,3089,11,235824862,3089,3089,3089,2401557.2600178
"Palau_PLW","Palau","PLW",5692.194368,4563.90862,56357.0543613613,718604.6526,210298.03599231,181.342300415039,0.00033132526512515,533.114807128906,0.00215609753906372,0,0.002,0,1.88596780812149,12.2729262687172,14.1588940768386,"Palau","PLW","East Asia & Pacific","Palau","PLW","Palau","PLW",2021,-13.33333333,274178814,12083,15560,-0.43,-0.16,-0.28,70,4,18055,70,70,70,3984.5360576
"Panama_PAN","Panama","PAN",152823.5793,63387.27348,7493245.90590709,8559643.973,3551996.87610356,155.558822631836,0.00028421701959823,380.145477294922,0.00153743755964294,2018.40675540957,0.139,5,43.4350622329798,234.956710814892,278.391773047872,"Panama","PAN","Latin America & Caribbean","Panama","PAN","Panama","PAN",2022,10.8093662,1.73e+11,14617,31160,-0.57,-0.25,0.16,79,49,4408581,79,79,79,120730.627647
"Papua New Guinea_Australia_PNG_AUS","Papua New Guinea_Australia","PNG_AUS",11165.08877,0,21441.3276561523,166408.0139,141940.7270865,86.5614910888267,0.000158153993409115,337.673126220703,0.00136566493129944,1889.0749263544,0.013,0,1.76580337574276,15.2477701880342,17.0135735637769,NA,NA,NA,NA,NA,NA,NA,NA,NA,NA,NA,NA,NA,NA,NA,NA,NA,NA,NA,NA,NA,NA
"Papua New Guinea_PNG","Papua New Guinea","PNG",449263.3667,20996.07399,46203702.3927199,29102357.95,9623888.67329585,226.712211608887,0.00041421931588221,361.924743652344,0.00146374671774292,1759.74309729924,0.021,1,186.093564405412,657.607778409259,843.701342814672,"Papua New Guinea","PNG","East Asia & Pacific","Papua New Guinea","PNG","Papua New Guinea","PNG",2022,4.599999979,45100351587,3020,3880,-0.76,-0.74,-0.89,155,11,10142619,155,155,155,696358.218385
"Peru_PER","Peru","PER",5418.525172,1840.386064,129206782.045684,3519470.883,111930.3185312,34.9586057662964,6.38718561384434e-05,283.920745849609,0.00114827202926941,1470.60832975276,0.006,2,0.346091260268518,6.2219408948998,6.56803215516832,"Peru","PER","Latin America & Caribbean","Peru","PER","Peru","PER",2022,2.683871435,5.12e+11,6621,12750,-0.63,-0.52,-0.26,NA,6,34049588,379,1,8418,20536.21040188
"Philippines_PHL","Philippines","PHL",282025.9457,93525.45177,29583972.2708977,39844411.46,13189902.9360445,110.294807434082,0.000201516448348716,379.662322998047,0.00153548351939392,591079.389645126,0.758,5,56.8328669196519,433.046191663835,489.879058583487,"Philippines","PHL","East Asia & Pacific","Philippines","PHL","Philippines","PHL",2022,7.570332488,1.17e+12,3460,9250,-0.51,-0.64,0.07,614,94,115559009,614,614,614,1731639.306598
"Phoenix Group_KIR","Phoenix Group","KIR",3.946469381,3.946469381,4154.1796282555,202225.5504,9077.6092999,86.5614910888267,0.000158153993409115,269.698128336066,0.00109075092835469,1889.0749263544,0.013,0,0.000624149892471948,0.0043046151410491,0.00492876503352105,NA,NA,NA,NA,NA,NA,NA,NA,NA,NA,NA,NA,NA,NA,NA,NA,NA,NA,NA,NA,NA,NA
"Puerto Rico_PRI","Puerto Rico","PRI",8199.58566,4006.911125,897029.230711061,1093134.142,379243.37810775,21.7702655792236,3.97758217380759e-05,360.341766357422,0.00145734461934998,12456.730553472,0.687,0,0.326145257538243,11.9496220425002,12.2757673000385,"Puerto Rico","PRI","Latin America & Caribbean","Puerto Rico","PRI","United States","USA",2022,3.360972555,1.3e+11,32640,24800,0.4,0.6,-0.26,113,123,3221789,113,113,113,9265.5317958
"Qatar_QAT","Qatar","QAT",459.5108923,409.160117,1161373.51764136,984186.5416,28459.076899,18.018383026123,3.29208657858275e-05,188.794403076172,0.000763548756137085,0,0.002,0,0.0151274964125341,0.350858970247107,0.365986466659641,"Qatar","QAT","Middle East & North Africa","Qatar","QAT","Qatar","QAT",2022,4.827689101,3.09e+11,66838,100890,0.81,0.93,1.11,NA,7,2695122,379,1,8418,1741.546281817
"Republic of Mauritius_MUS","Republic of Mauritius","MUS",396.2456924,175.5295683,278700.946487131,552353.0762,93037.1879419,65.6789093017578,0.000120000033018942,269.698128336066,0.00109075092835469,0,0,1,0.0475494961716135,0.432205356841846,0.479754853013459,"Mauritius","MUS","Sub-Saharan Africa","Republic of Mauritius","MUS","Republic of Mauritius","MUS",2022,8.690735124,33969341093,9106.24,23410,0.47,0.87,0.85,NA,12,1262523,379,1,8418,1501.771174196
"Republic of the Congo_COG","Republic of the Congo","COG",2054.162712,1649.933487,34230360.5215778,361345.5616,17313.191071,92.98583984375,0.000169891734959816,269.698128336066,0.00109075092835469,936.951425093839,0.003,3,0.348985267031442,2.24057988510558,2.58956515213702,"Republic of Congo","COG","Sub-Saharan Africa","Republic of the Congo","COG","Republic of the Congo","COG",2022,1.547952897,22632153764,2290,3410,-1.37,-1.14,-1.55,NA,11,5970424,379,1,8418,7785.27667848
"Saint Kitts and Nevis_KNA","Saint Kitts and Nevis","KNA",34.6871101,2.044352788,26694.3653293011,134601.6211,4190.369041,31.6492214202881,5.78253758449173e-05,298.193878173828,0.00120599742925354,77.9174043917536,0.003,0,0.00200579517850653,0.0418325656088345,0.043838360787341,"St. Kitts & Nevis","KNA","Latin America & Caribbean","Saint Kitts and Nevis","KNA","Saint Kitts and Nevis","KNA",2022,9,1622810542,18082,28840,0.44,0.5,0.42,NA,2,47657,379,1,8418,131.464147279
"Saint Lucia_LCA","Saint Lucia","LCA",162.1534104,92.70002595,61440.3766402683,184654.4298,7955.5579472,71.643180847168,0.000130897180824714,365.623626708984,0.00147870625844421,0,0,2,0.0212254242824729,0.239777262786553,0.261002687069026,"St. Lucia","LCA","Latin America & Caribbean","Saint Lucia","LCA","Saint Lucia","LCA",2022,15.4,3193534630,9414,14210,0.59,0.63,-0.09,NA,9,179857,379,1,8418,614.561425416
"Saint Vincent and the Grenadines_VCT","Saint Vincent and the Grenadines","VCT",32.55645133,21.24531303,39689.3514123405,248762.4273,7004.1983491,81.2978515625,0.000148536950073986,217.447845458984,0.000879433019303587,0,0,0,0.00483583598579036,0.0286312182909522,0.0334670542767426,"Saint Vincent and the Grenadines","VCT","Latin America & Caribbean","Saint Vincent and the Grenadines","VCT","Saint Vincent and the Grenadines","VCT",2022,4.952993284,1788611085,8666,14960,0.8,0.61,0.31,NA,1,103948,379,1,8418,123.3889505407
"Samoa_WSM","Samoa","WSM",231.4155765,77.58325364,285368.020367274,474077.8623,42405.47558392,139.480575561523,0.000254840920027822,269.698128336066,0.00109075092835469,0,0,0,0.0589741584240287,0.25241675490311,0.311390913327139,"Samoa","WSM","East Asia & Pacific","Samoa","WSM","Samoa","WSM",2022,-6.022011172,1343444501,3857,6000,0.63,0.89,0.44,NA,2,222382,379,1,8418,877.065034935
"Sao Tome and Principe_STP","Sao Tome and Principe","STP",48.38520588,38.72096629,100288.235253464,267786.8422,1060.488381,86.5614910888267,0.000158153993409115,269.698128336066,0.00109075092835469,0,0,0,0.00765231353184419,0.0527762082322427,0.0604285217640869,"Sao Tome and Principe","STP","Sub-Saharan Africa","Sao Tome and Principe","STP","Sao Tome and Principe","STP",2022,0.927137395,1077370034,2360,4520,0.26,-0.7,-0.73,NA,1,227380,379,1,8418,183.3799302852
"Saudi Arabia_SAU","Saudi Arabia","SAU",6939.231731,1001.845935,192516045.386506,7166828.615,832824.21004968,16.1736736297607,2.95504506734696e-05,174.989044189453,0.000707715190977172,23299.9431627806,1.607,0,0.20505742497869,4.91099970973952,5.11605713471821,"Saudi Arabia","SAU","Middle East & North Africa","Saudi Arabia","SAU","Saudi Arabia","SAU",2022,8.744153628,2.15e+12,23185,52310,0.31,0.23,0.5,41,1,36408820,41,41,41,2845.08500971
"Senegal_SEN","Senegal","SEN",126804.6006,74338.31226,19519689.5566132,7412715.065,2781124.26306969,28.224202632904,5.1567623212512e-05,321.923065185547,0.00130196632945252,42599.2421472716,0.031,2,6.53901186535388,165.095320400874,171.634332266228,"Senegal","SEN","Sub-Saharan Africa","Senegal","SEN","Senegal","SEN",2022,4.153856494,72884327398,1636,3770,0.06,-0.36,0.06,1413,8,17316449,1413,1413,1413,1791749.006478
"Seychelles_SYC","Seychelles","SYC",382.9813715,349.2908476,49003.9991085354,1005615.907,49198.48889615,114.403480529785,0.000209023285968128,252.746017456055,0.00102219082823822,368.280182790242,0.001,2,0.0800520247355106,0.391480045333395,0.471532070068906,"Seychelles","SYC","Sub-Saharan Africa","Seychelles","SYC","Seychelles","SYC",2022,8.800000173,3524895459,14653,28580,1.63,0.34,0.94,NA,11,100060,379,1,8418,1451.499397985
"Sierra Leone_SLE","Sierra Leone","SLE",150822.5959,61353.21461,7232422.08626475,3723840.23,2512041.62528374,62.6094589233398,0.000114391929128729,248.934753417969,0.00100677678063843,36042.8143318577,0.075,1,17.2528877012037,151.844687547733,169.097575248936,"Sierra Leone","SLE","East Asia & Pacific","Sierra Leone","SLE","Sierra Leone","SLE",2022,3.500741707,16618220888,480,1760,-0.43,-0.82,-1.11,631,1,8605718,631,631,631,951690.580129
"Singapore_SGP","Singapore","SGP",697.0152931,43.46281426,70253.0177686154,512387.6476,62722.66622863,104.699449539185,0.000191293331989467,291.820251464844,0.00118022031580933,0,0,0,0.133334377864714,0.822631609346413,0.955965987211126,"Singapore","SGP","East Asia & Pacific","Singapore","SGP","Singapore","SGP",2022,3.646972071,7.19e+11,28988,99420,2.17,1.86,2.29,NA,11,5637022,379,1,8418,2641.687960849
"Sint-Maarten_SXM","Sint-Maarten","SXM",5.393619559,0.288936117,3865.70494742121,28731.52529,589.0258999,27.0268402099609,4.93799570070841e-05,0.557317137718201,2.25397999275923e-06,1889.0749263544,0.013,1,0.000266336701935988,1.21571105745409e-05,0.000278493812510529,"Sint Maarten","SXM","Latin America & Caribbean","Sint-Maarten","SXM","Netherlands",NA,2022,9.7,1814172284,28988,35230,NA,NA,NA,NA,11,43389,379,1,8418,20.44181812861
"Solomon Islands_SLB","Solomon Islands","SLB",52565.00399,5401.774429,2848097.06937424,10402614.63,4342853.20605033,185.688842773438,0.00033926670678536,351.525604248047,0.00142168906228455,735.784990495374,0.013,0,17.8335557958466,74.7310912315265,92.5646470273731,"Solomon Is.","SLB","East Asia & Pacific","Solomon Islands","SLB","Solomon Islands","SLB",2022,-4.062439403,1922286531,2304,2680,-0.14,-0.35,-0.91,51,2,724273,51,51,51,26808.1520349
"South Africa_ZAF","South Africa","ZAF",2654.33536,1004.831194,121953932.373048,4284717.403,100132.2968967,160.878646850586,0.000293936716357687,137.141647338867,0.000554647449998473,24.7723002152761,0,1,0.780206619830499,1.47222033886478,2.25242695869528,"South Africa","ZAF","Sub-Saharan Africa","South Africa","ZAF","South Africa","ZAF",2022,2.042299353,9.53e+11,7055,14410,0.02,0.13,-0.02,1552,8,59893885,1552,1552,1552,41195.2847872
"Sri Lanka_LKA","Sri Lanka","LKA",18119.10582,1334.980833,6580374.008322,3340906.303,827139.18987111,43.3644828796387,7.92299907645805e-05,194.284118652344,0.000785751032430421,3898.03632510576,0.004,5,1.43557658678106,14.237106104781,15.6726826915621,"Sri Lanka","LKA","South Asia","Sri Lanka","LKA","Sri Lanka","LKA",2022,-7.823977326,3.2e+11,4013,14290,-0.33,0.04,-0.08,4144,32,22181000,4144,4144,4144,750855.7451808
"Sudan_Egypt_SDN_EGY","Sudan_Egypt","SDN_EGY",62.3602205,62.3602205,1787619.21050225,354112.0116,16358.32204,3.30249619483948,6.03389515201742e-06,20.0990390777588,8.1287347703743e-05,1889.0749263544,0.013,0,0.000376275032153687,0.00506909692666558,0.00544537195881927,NA,NA,NA,NA,NA,NA,NA,NA,NA,NA,NA,NA,NA,NA,NA,NA,NA,NA,NA,NA,NA,NA
"Sudan_SDN","Sudan","SDN",636.5483968,110.7489198,185278243.249366,1345990.28,95427.40416846,10.987548828125,2.0075032246873e-05,121.874969482422,0.000492903814076539,188.386985627922,0,2,0.0127787295924553,0.313757132627026,0.326535862219481,"Sudan","SDN","Sub-Saharan Africa","Sudan","SDN","Sudan","SDN",2022,-0.95340703,1.98e+11,751,3920,-1.29,-1.21,-1.64,NA,11,46874204,379,1,8418,2412.518423872
"Suriname_SUR","Suriname","SUR",80622.27695,56983.2728,14492140.6087973,7613667.764,479157.7100222,51.2897386550904,9.37099960638206e-05,226.684555053711,0.000916789413385926,14150.4262521223,0.7,1,7.55511325564075,73.9136499908281,81.4687632464689,"Suriname","SUR","Latin America & Caribbean","Suriname","SUR","Suriname","SUR",2022,1.88771872,10889743006,4869,14150,-0.4,-0.1,-0.65,58,1,618040,58,58,58,46760.920631
"Taiwan_TWN","Taiwan","TWN",156.4551199,83.67938137,3618040.35358051,2649096.225,23778.3370593,96.4198532104492,0.000176165921327591,207.179992675781,0.000837906331578368,172329.051897431,7.89,0,0.0275620603436022,0.131094735572063,0.158656795915665,"Taiwan","TWN","East Asia & Pacific","Taiwan","TWN","Taiwan","TWN",NA,NA,NA,NA,NA,1.21,1.3,1.47,NA,10,NA,379,1,8418,592.964904421
"Tanzania_TZA","Tanzania","TZA",109861.3836,91121.06324,94081569.6551309,4230934.983,2202606.41872412,108.152982711792,0.000197603182429291,255.771118164062,0.00103442536403564,24671.1734458437,0.064,1,21.7089590254451,113.643401723889,135.352360749335,"Tanzania","TZA","Sub-Saharan Africa","Tanzania","TZA","Tanzania","TZA",2022,4.558027339,1.97e+11,1099,2800,-0.36,-0.52,-0.63,337,22,65497748,337,337,337,370232.862732
"Thailand_THA","Thailand","THA",250560.3236,16111.88003,51390140.9155754,9787821.285,4656009.57897812,139.538871765136,0.000254947431333092,264.464019775391,0.0010695824137384,179155.345356108,0.147,8,63.8797108958084,267.994915703164,331.874626598972,"Thailand","THA","East Asia & Pacific","Thailand","THA","Thailand","THA",2022,2.594733433,1.48e+12,7066,18180,-0.46,0.11,0.25,2108,155,71697030,2108,2108,2108,5281811.621488
"Togo_TGO","Togo","TGO",16.20514065,7.614342983,5670443.07611778,177535.8474,5596.0704823,39.270393371582,7.17497983957928e-05,115.919967651367,0.00046881976197113,8454.65644911519,0.016,1,0.00116271557461297,0.00759729018224168,0.00876000575685464,"Togo","TGO","Sub-Saharan Africa","Togo","TGO","Togo","TGO",2022,5.810539956,23076767061,973,2360,-0.67,-0.56,-0.65,NA,11,8848699,379,1,8418,61.4174830635
"Tonga_TON","Tonga","TON",1038.844506,176.5210474,75998.2510565545,850163.9033,71758.3243302,89.9314346313477,0.000164311119656698,269.698128336066,0.00109075092835469,0,0,0,0.17069370393007,1.13312060933567,1.30381431326574,"Tonga","TON","East Asia & Pacific","Tonga","TON","Tonga","TON",2021,-2.667506175,718636613,4426,7160,-0.38,0.45,0.28,NA,1,106858,379,1,8418,3937.22067774
"Trinidad and Tobago_TTO","Trinidad and Tobago","TTO",8189.305117,3781.089089,515772.128756082,716326.2569,110649.37944,84.3406066894531,0.000154096279843385,266.622009277344,0.00107831005700073,123.32983740015,0,3,1.2619414530321,8.83061006750867,10.0925515205408,"Trinidad & Tobago","TTO","Latin America & Caribbean","Trinidad and Tobago","TTO","Trinidad and Tobago","TTO",2022,2.480951736,42529616743,16032,25330,-0.28,-0.14,0.19,1588,22,1531044,1588,1588,1588,130046.16525796
"Turks and Caicos Islands_TCA","Turks and Caicos Islands","TCA",15188.26155,11362.41356,99129.7199653125,1007563.74,483144.73068213,15.4197988510132,2.81730678986398e-05,336.143157958984,0.00135947721945984,700.639342032276,0.018,1,0.42789992391045,20.6480955804228,21.0759955043332,"Turks & Caicos Is.","TCA","Latin America & Caribbean","Turks and Caicos Islands","TCA","United Kingdom","GBR",2022,-0.499484665,1047275650,20908,21910,1.67,1.43,1.28,12,31,45703,12,12,12,1822.591386
"Tuvalu_TUV","Tuvalu","TUV",8.911715225,4.069716975,4165.05602736315,194246.1572,3542.3521293,76.7783508300781,0.00014027950117775,269.698128336066,0.00109075092835469,0,0,0,0.00125013096640116,0.00972046165490135,0.0109705926213025,"Tuvalu","TUV","East Asia & Pacific","Tuvalu","TUV","Tuvalu","TUV",2022,0.677334628,61325211,5632,6850,0.67,0.72,-0.48,NA,11,11312,379,1,8418,33.77540070275
"United Arab Emirates_ARE","United Arab Emirates","ARE",7386.247499,1314.71821,7125863.55211983,4153195.481,625703.62815118,7.49846708774569,1.37002320484157e-05,196.970123291016,0.000796614148430788,4286.07682693977,0.742,5,0.10119330470333,5.88398926151492,5.98518256621825,"United Arab Emirates","ARE","Middle East & North Africa","United Arab Emirates","ARE","United Arab Emirates","ARE",2022,7.411103202,8.28e+11,44315,76810,1.18,0.83,1.4,61,11,9441129,61,61,61,4505.61097439
"United States Virgin Islands_VIR","United States Virgin Islands","VIR",259.8404487,133.7408179,36143.6258177412,378502.1292,35343.6954808,47.0633773803711,8.59881337809657e-05,182.485900878906,0.000738035028360595,0,0,0,0.0223431952645218,0.191771352925534,0.214114548190056,"United States Virgin Islands","VIR","Latin America & Caribbean","United States Virgin Islands","VIR","United States","USA",2020,-2.14700682,NA,39552,NA,0.04,0.95,0.7,NA,60,105413,379,1,8418,984.795300573
"United States_USA","United States","USA",229994.44,206047.5551,794153444.359114,49032544.68,6527065.2055152,34.4559116363526,6.29533982524493e-05,330.819290161133,0.00133794568797028,130214.045283964,11.306,2,14.4789315771691,307.720069255139,322.199000832308,"United States","USA","North America","United States","USA","United States","USA",2022,2.061593119,2.55e+13,70248,71130,1.05,1.42,1.34,60,783,333287557,60,60,60,137996.664
"Vanuatu_VUT","Vanuatu","VUT",1571.188284,73.6279637,1233646.86205807,3148174.18,108671.6957061,120.343612670898,0.000219876329367425,391.556121826172,0.00158358608574646,10.9020899964134,0.004,0,0.345467112631023,2.48811190463026,2.83357901726128,"Vanuatu","VUT","East Asia & Pacific","Vanuatu","VUT","Vanuatu","VUT",2022,1.848971065,1074804587,2996,3530,-0.02,0.46,-0.56,549,7,326740,549,549,549,8625.82367916
"Venezuela_VEN","Venezuela","VEN",285849.4783,188267.0623,91046850.641235,15720622.32,4442517.99636148,106.413910388947,0.000194425773754537,285.195587158203,0.00115342792096741,27002.9822371198,0.067,4,55.5765059958083,329.706769465187,385.283275460995,"Venezuela","VEN","Latin America & Caribbean","Venezuela","VEN","Venezuela","VEN",2014,-3.894386475,5.06e+11,15975,NA,-1.61,-2.3,-1.85,51,23,28301696,51,51,51,145783.233933
"Vietnam_VNM","Vietnam","VNM",184025.3314,24777.02502,32689637.7839694,18074263.53,4528193.65039802,80.2667694091797,0.000146653089733443,215.774795532227,0.000872666636562807,7023871.45116973,6.445,3,26.9878834390308,160.592766995194,187.580650434225,"Vietnam","VNM","East Asia & Pacific","Vietnam","VNM","Vietnam","VNM",2022,8.019798458,1.32e+12,3756,11130,-0.29,-0.15,0.28,5006,56,98186856,5006,5006,5006,9212308.089884
"Wallis and Futuna_WLF","Wallis and Futuna","WLF",29.36241366,0,17591.2939012911,134506.9751,13690.3809106,86.5614910888267,0.000158153993409115,269.698128336066,0.00109075092835469,1889.0749263544,0.013,0,0.00464378297645935,0.0320270799583793,0.0366708629348387,NA,NA,NA,NA,NA,NA,NA,NA,NA,NA,NA,NA,NA,NA,NA,NA,NA,NA,NA,NA,NA,NA
"Yemen_YEM","Yemen","YEM",1541.468637,13.66038588,45301283.8878046,3551020.49,156472.7130753,34.0118598937988,6.21420841740784e-05,191.998580932617,0.00077650754080902,3986.85375454894,0.006,0,0.0957900737921559,1.1969620205511,1.29275209434326,"Yemen","YEM","Middle East & North Africa","Yemen","YEM","Yemen","YEM",2018,0.752447588,2.161e+10,701,NA,-1.65,-1.8,-2.3,1021,1,33696614,1021,1021,1021,15738.39478377
"France_FRA","France","FRA",70310.84505866,50427.4363522,8679687.97569656,3731038.051828,1236618.64916772,86.5614910888267,0.000158153993409115,202.102727254232,0.000817372143943379,0,0,8,11.1199409259966,57.4701261680677,68.5900670940643,"France","FRA","Europe & Central Asia","France","FRA","France","FRA",2022,2.562393564,3.77e+12,43658,52880,1.31,1.29,1.27,NA,0,67935660,379,1,8418,266478.102772321
"Netherlands_NLD","Netherlands","NLD",183.992145,181.90113,28558.0343922413,466863.64325,7529.669096,84.5242385864258,0.00015443178836407,333.110481262207,0.00134721204378799,0,0,1,0.0284142359972913,0.247876433706387,0.276290669703678,"Netherlands","NLD","Europe & Central Asia","Netherlands","NLD","Netherlands","NLD",2022,4.478240001,1.23e+12,57767,66750,2.04,1.77,1.74,NA,0,17703090,379,1,8418,697.33022955
"United Kingdom_GBR","United Kingdom","GBR",3.52719373,0,8328.28673092856,390769.18608,832.3782889,86.5614910888267,0.000158153993409115,24.4983882904053,9.90798116984178e-05,0,0,0,0.000557839773927092,0.00034947369059224,0.000907313464519332,"United Kingdom","GBR","Europe & Central Asia","United Kingdom","GBR","United Kingdom","GBR",2022,7.411103202,3.66e+12,46510,49980,1.67,1.43,1.28,NA,0,66971411,195.5,3,4215,6.89566374215
